{
  "name": "BIAS_001",
  "n_samples": 500,
  "metrics": {
    "n_samples": 500.0,
    "hit_rate": 0.668,
    "precision": 0.0668,
    "recall": 0.668,
    "mrr": 0.4840587301587301,
    "ndcg": 0.5279889949514399,
    "rmse": 0.9745133858732081,
    "mae": 0.8650059814706261
  },
  "time_records": {
    "載入資料": 6.054285049438477,
    "建立映射": 0.4926259517669678,
    "建立稀疏矩陣": 0.11928486824035645,
    "SVD 降維": 10.511718988418579,
    "訓練 KNN": 0.03860068321228027,
    "評估": 2.6366970539093018
  },
  "peak_memory_mb": 2629.390625
}