{
  "name": "BIAS_003",
  "n_samples": 500,
  "metrics": {
    "n_samples": 500.0,
    "hit_rate": 0.668,
    "precision": 0.0668,
    "recall": 0.668,
    "mrr": 0.4840587301587301,
    "ndcg": 0.5279889949514399,
    "rmse": 0.9753220273021832,
    "mae": 0.8627107189824694
  },
  "time_records": {
    "載入資料": 6.009583950042725,
    "建立映射": 0.5009009838104248,
    "計算 Item Bias": 0.17105889320373535,
    "建立稀疏矩陣": 0.12101292610168457,
    "SVD 降維": 11.107519626617432,
    "訓練 KNN": 0.035187721252441406,
    "評估": 2.5823967456817627
  },
  "peak_memory_mb": 2647.96875
}