{
  "name": "BIAS_002",
  "n_samples": 500,
  "metrics": {
    "n_samples": 500.0,
    "hit_rate": 0.668,
    "precision": 0.0668,
    "recall": 0.668,
    "mrr": 0.4840587301587301,
    "ndcg": 0.5279889949514399,
    "rmse": 0.9753220273021832,
    "mae": 0.8627107189824694
  },
  "time_records": {
    "載入資料": 6.046593189239502,
    "建立映射": 0.49836134910583496,
    "計算 Item Bias": 0.17477941513061523,
    "建立稀疏矩陣": 0.12226295471191406,
    "SVD 降維": 10.077347755432129,
    "訓練 KNN": 0.03267955780029297,
    "評估": 2.6218326091766357
  },
  "peak_memory_mb": 2632.15625
}