{
  "name": "DS_003",
  "n_samples": 500,
  "metrics": {
    "n_samples": 500.0,
    "hit_rate": 0.668,
    "precision": 0.0668,
    "recall": 0.668,
    "mrr": 0.46474126984126984,
    "ndcg": 0.5131865130975316,
    "rmse": 1.0055092840750965,
    "mae": 0.8672007781923698
  },
  "time_records": {
    "載入資料": 5.921710014343262,
    "建立映射": 0.28493380546569824,
    "建立稀疏矩陣": 0.0870966911315918,
    "訓練 KNN": 0.042401790618896484,
    "評估": 1.3306009769439697
  },
  "peak_memory_mb": 1781.7265625
}