{
  "name": "DS_001",
  "n_samples": 500,
  "metrics": {
    "n_samples": 500.0,
    "hit_rate": 0.558,
    "precision": 0.0558,
    "recall": 0.558,
    "mrr": 0.3636388888888889,
    "ndcg": 0.4099559169375665,
    "rmse": 1.0514236084310014,
    "mae": 0.9252764428418406
  },
  "time_records": {
    "載入資料": 5.970141172409058,
    "建立映射": 0.06954050064086914,
    "建立稀疏矩陣": 0.05734848976135254,
    "訓練 KNN": 1.018582820892334,
    "評估": 0.6705746650695801
  },
  "peak_memory_mb": 1559.33984375
}