{
  "name": "DS_004",
  "n_samples": 500,
  "metrics": {
    "n_samples": 500.0,
    "hit_rate": 0.68,
    "precision": 0.068,
    "recall": 0.68,
    "mrr": 0.4677515873015873,
    "ndcg": 0.5182802544479662,
    "rmse": 0.989315908437944,
    "mae": 0.8664367881162247
  },
  "time_records": {
    "載入資料": 6.157447338104248,
    "建立映射": 0.49705052375793457,
    "建立稀疏矩陣": 0.12229251861572266,
    "訓練 KNN": 0.05925726890563965,
    "評估": 2.089344024658203
  },
  "peak_memory_mb": 2733.53125
}