{
  "name": "DS_002",
  "n_samples": 500,
  "metrics": {
    "n_samples": 500.0,
    "hit_rate": 0.684,
    "precision": 0.0684,
    "recall": 0.684,
    "mrr": 0.47016904761904765,
    "ndcg": 0.5215197577233801,
    "rmse": 0.9416635036109087,
    "mae": 0.8234702800224565
  },
  "time_records": {
    "載入資料": 6.1936328411102295,
    "建立映射": 0.17026042938232422,
    "建立稀疏矩陣": 0.06809663772583008,
    "訓練 KNN": 0.04655814170837402,
    "評估": 1.039015769958496
  },
  "peak_memory_mb": 1204.62109375
}