{
  "name": "FILTER_006",
  "n_samples": 500,
  "metrics": {
    "n_samples": 500.0,
    "hit_rate": 0.666,
    "precision": 0.0666,
    "recall": 0.666,
    "mrr": 0.47141825396825393,
    "ndcg": 0.517744992771926,
    "rmse": 0.9888435888874318,
    "mae": 0.8634042160866936
  },
  "time_records": {
    "載入資料": 6.432868957519531,
    "建立映射": 0.43793606758117676,
    "建立稀疏矩陣": 0.12024545669555664,
    "SVD 降維": 10.10350251197815,
    "訓練 KNN": 0.036307573318481445,
    "評估": 1.7270233631134033
  },
  "peak_memory_mb": 2684.71875
}