{
  "name": "FILTER_002",
  "n_samples": 20000,
  "metrics": {
    "n_samples": 20000.0,
    "hit_rate": 0.6726,
    "precision": 0.06726,
    "recall": 0.6726,
    "mrr": 0.4805693253968254,
    "ndcg": 0.5264338316464973,
    "rmse": 0.9628806096702349,
    "mae": 0.8374309159779383
  },
  "time_records": {
    "載入資料": 6.045856714248657,
    "建立映射": 0.4430544376373291,
    "建立稀疏矩陣": 0.12119507789611816,
    "評估": 80.5202202796936
  },
  "peak_memory_mb": 2930.0390625,
  "config": {
    "data_limit": null,
    "min_item_ratings": 5,
    "use_timestamp": false,
    "use_item_bias": false,
    "use_svd": false,
    "n_components": 50,
    "use_time_decay": false,
    "half_life_days": 500,
    "use_tfidf": false,
    "k_neighbors": 20,
    "amplification_factor": 1.0,
    "top_n": 10,
    "random_state": 42
  }
}