{
  "name": "FILTER_003",
  "n_samples": 500,
  "metrics": {
    "n_samples": 500.0,
    "hit_rate": 0.66,
    "precision": 0.066,
    "recall": 0.66,
    "mrr": 0.4915833333333333,
    "ndcg": 0.5316136123107031,
    "rmse": 0.976734390477423,
    "mae": 0.8512990399862796
  },
  "time_records": {
    "載入資料": 6.597734212875366,
    "建立映射": 0.49322962760925293,
    "建立稀疏矩陣": 0.1194620132446289,
    "SVD 降維": 10.484055757522583,
    "訓練 KNN": 0.03682851791381836,
    "評估": 1.685734510421753
  },
  "peak_memory_mb": 2743.49609375
}