{
  "name": "FILTER_003",
  "n_samples": 20000,
  "metrics": {
    "n_samples": 20000.0,
    "hit_rate": 0.67265,
    "precision": 0.06726499999999999,
    "recall": 0.67265,
    "mrr": 0.4806016468253969,
    "ndcg": 0.5264761650383035,
    "rmse": 0.9629463916609768,
    "mae": 0.8374369860752359
  },
  "time_records": {
    "載入資料": 6.015886545181274,
    "建立映射": 0.4457993507385254,
    "建立稀疏矩陣": 0.12223958969116211,
    "訓練 KNN": 0.05927729606628418,
    "評估": 80.58301043510437
  },
  "peak_memory_mb": 2888.859375,
  "config": {
    "data_limit": null,
    "min_item_ratings": 10,
    "use_timestamp": false,
    "use_item_bias": false,
    "use_svd": false,
    "n_components": 50,
    "use_time_decay": false,
    "half_life_days": 500,
    "use_tfidf": false,
    "k_neighbors": 20,
    "amplification_factor": 1.0,
    "top_n": 10,
    "random_state": 42
  }
}