{
  "name": "FILTER_004",
  "n_samples": 500,
  "metrics": {
    "n_samples": 500.0,
    "hit_rate": 0.666,
    "precision": 0.0666,
    "recall": 0.666,
    "mrr": 0.48405634920634916,
    "ndcg": 0.527764704728067,
    "rmse": 0.9839396626916183,
    "mae": 0.8568056957558434
  },
  "time_records": {
    "載入資料": 6.499186992645264,
    "建立映射": 0.48834872245788574,
    "建立稀疏矩陣": 0.12612390518188477,
    "SVD 降維": 10.626910924911499,
    "訓練 KNN": 0.04009246826171875,
    "評估": 1.7837705612182617
  },
  "peak_memory_mb": 2666.68359375
}