{
  "name": "FILTER_002",
  "n_samples": 500,
  "metrics": {
    "n_samples": 500.0,
    "hit_rate": 0.656,
    "precision": 0.0656,
    "recall": 0.656,
    "mrr": 0.4733269841269841,
    "ndcg": 0.516996692080198,
    "rmse": 0.9743521815897992,
    "mae": 0.8579421265411534
  },
  "time_records": {
    "載入資料": 6.588458061218262,
    "建立映射": 0.4978823661804199,
    "建立稀疏矩陣": 0.11981344223022461,
    "SVD 降維": 10.364170789718628,
    "訓練 KNN": 0.035124778747558594,
    "評估": 1.548642873764038
  },
  "peak_memory_mb": 2758.8984375
}