{
  "name": "FILTER_004",
  "n_samples": 20000,
  "metrics": {
    "n_samples": 20000.0,
    "hit_rate": 0.67275,
    "precision": 0.067275,
    "recall": 0.67275,
    "mrr": 0.480604503968254,
    "ndcg": 0.5265101987886612,
    "rmse": 0.9627307573887689,
    "mae": 0.837287526655363
  },
  "time_records": {
    "載入資料": 6.055307149887085,
    "建立映射": 0.429105281829834,
    "建立稀疏矩陣": 0.12190628051757812,
    "評估": 81.46277093887329
  },
  "peak_memory_mb": 2811.3984375,
  "config": {
    "data_limit": null,
    "min_item_ratings": 20,
    "use_timestamp": false,
    "use_item_bias": false,
    "use_svd": false,
    "n_components": 50,
    "use_time_decay": false,
    "half_life_days": 500,
    "use_tfidf": false,
    "k_neighbors": 20,
    "amplification_factor": 1.0,
    "top_n": 10,
    "random_state": 42
  }
}