{
  "name": "FILTER_001",
  "n_samples": 500,
  "metrics": {
    "n_samples": 500.0,
    "hit_rate": 0.652,
    "precision": 0.06520000000000001,
    "recall": 0.652,
    "mrr": 0.4751238095238095,
    "ndcg": 0.5175972012289377,
    "rmse": 0.9844726555072912,
    "mae": 0.8629065759006174
  },
  "time_records": {
    "載入資料": 6.150238275527954,
    "建立映射": 0.5035820007324219,
    "建立稀疏矩陣": 0.11926627159118652,
    "SVD 降維": 10.516385555267334,
    "訓練 KNN": 0.03818845748901367,
    "評估": 1.634960412979126
  },
  "peak_memory_mb": 2573.20703125
}