{
  "name": "FILTER_005",
  "n_samples": 500,
  "metrics": {
    "n_samples": 500.0,
    "hit_rate": 0.66,
    "precision": 0.066,
    "recall": 0.66,
    "mrr": 0.4845555555555555,
    "ndcg": 0.5264052062004678,
    "rmse": 0.9839165558893435,
    "mae": 0.8582534488324354
  },
  "time_records": {
    "載入資料": 6.582627058029175,
    "建立映射": 0.44421935081481934,
    "建立稀疏矩陣": 0.12135958671569824,
    "SVD 降維": 9.48648190498352,
    "訓練 KNN": 0.034630775451660156,
    "評估": 1.7404942512512207
  },
  "peak_memory_mb": 2653.1328125
}