{
  "name": "KNN_004",
  "n_samples": 500,
  "metrics": {
    "n_samples": 500.0,
    "hit_rate": 0.676,
    "precision": 0.06760000000000001,
    "recall": 0.676,
    "mrr": 0.48448888888888886,
    "ndcg": 0.5302192963245245,
    "rmse": 0.9730391490020232,
    "mae": 0.8625704019245155
  },
  "time_records": {
    "載入資料": 5.953563928604126,
    "建立映射": 0.5016968250274658,
    "建立稀疏矩陣": 0.12137889862060547,
    "SVD 降維": 10.748728275299072,
    "訓練 KNN": 0.0374760627746582,
    "評估": 2.2238900661468506
  },
  "peak_memory_mb": 2612.515625
}