{
  "name": "KNN_007",
  "n_samples": 500,
  "metrics": {
    "n_samples": 500.0,
    "hit_rate": 0.662,
    "precision": 0.06620000000000001,
    "recall": 0.662,
    "mrr": 0.4728388888888889,
    "ndcg": 0.5177819119329888,
    "rmse": 0.9832798862634046,
    "mae": 0.8854328566837871
  },
  "time_records": {
    "載入資料": 6.137680530548096,
    "建立映射": 0.5030975341796875,
    "建立稀疏矩陣": 0.12264609336853027,
    "SVD 降維": 11.660661935806274,
    "訓練 KNN": 0.03676605224609375,
    "評估": 3.6956686973571777
  },
  "peak_memory_mb": 2618.6796875
}