{
  "name": "KNN_BASELINE_007",
  "n_samples": 20000,
  "metrics": {
    "n_samples": 20000.0,
    "hit_rate": 0.67675,
    "precision": 0.067675,
    "recall": 0.67675,
    "mrr": 0.48717668650793655,
    "ndcg": 0.5324447864544487,
    "rmse": 0.9506554801846452,
    "mae": 0.8383768990064149
  },
  "time_records": {
    "載入資料": 5.7617998123168945,
    "建立映射": 0.45028114318847656,
    "建立稀疏矩陣": 0.12056994438171387,
    "訓練 KNN": 0.06255745887756348,
    "評估": 96.52163195610046
  },
  "peak_memory_mb": 2827.59765625,
  "config": {
    "data_limit": null,
    "min_item_ratings": 0,
    "use_timestamp": false,
    "use_item_bias": false,
    "use_svd": false,
    "n_components": 50,
    "use_time_decay": false,
    "half_life_days": 500,
    "use_tfidf": false,
    "k_neighbors": 35,
    "amplification_factor": 1.0,
    "top_n": 10,
    "random_state": 42
  }
}