{
  "name": "KNN_001",
  "n_samples": 500,
  "metrics": {
    "n_samples": 500.0,
    "hit_rate": 0.652,
    "precision": 0.06520000000000001,
    "recall": 0.652,
    "mrr": 0.4760960317460317,
    "ndcg": 0.5183064719595513,
    "rmse": 0.9823569914988118,
    "mae": 0.8620887869128935
  },
  "time_records": {
    "載入資料": 6.209921360015869,
    "建立映射": 0.5061855316162109,
    "建立稀疏矩陣": 0.12076163291931152,
    "SVD 降維": 10.59748363494873,
    "訓練 KNN": 0.03526711463928223,
    "評估": 1.7965009212493896
  },
  "peak_memory_mb": 2553.109375
}