{
  "name": "KNN_BASELINE_001",
  "n_samples": 20000,
  "metrics": {
    "n_samples": 20000.0,
    "hit_rate": 0.6218,
    "precision": 0.06218,
    "recall": 0.6218,
    "mrr": 0.41316103174603175,
    "ndcg": 0.4629473377726098,
    "rmse": 1.029374637600777,
    "mae": 0.8486300736971709
  },
  "time_records": {
    "載入資料": 5.742441177368164,
    "建立映射": 0.4493720531463623,
    "建立稀疏矩陣": 0.12061309814453125,
    "評估": 65.204350233078
  },
  "peak_memory_mb": 2787.6328125,
  "config": {
    "data_limit": null,
    "min_item_ratings": 0,
    "use_timestamp": false,
    "use_item_bias": false,
    "use_svd": false,
    "n_components": 50,
    "use_time_decay": false,
    "half_life_days": 500,
    "use_tfidf": false,
    "k_neighbors": 5,
    "amplification_factor": 1.0,
    "top_n": 10,
    "random_state": 42
  }
}