{
  "name": "KNN_BASELINE_008",
  "n_samples": 20000,
  "metrics": {
    "n_samples": 20000.0,
    "hit_rate": 0.67595,
    "precision": 0.067595,
    "recall": 0.67595,
    "mrr": 0.4872915674603174,
    "ndcg": 0.5323399670915282,
    "rmse": 0.9481959632835982,
    "mae": 0.8389153108023053
  },
  "time_records": {
    "載入資料": 5.600726842880249,
    "建立映射": 0.4454648494720459,
    "建立稀疏矩陣": 0.12116813659667969,
    "評估": 102.27100205421448
  },
  "peak_memory_mb": 2865.421875,
  "config": {
    "data_limit": null,
    "min_item_ratings": 0,
    "use_timestamp": false,
    "use_item_bias": false,
    "use_svd": false,
    "n_components": 50,
    "use_time_decay": false,
    "half_life_days": 500,
    "use_tfidf": false,
    "k_neighbors": 40,
    "amplification_factor": 1.0,
    "top_n": 10,
    "random_state": 42
  }
}