{
  "name": "KNN_006",
  "n_samples": 500,
  "metrics": {
    "n_samples": 500.0,
    "hit_rate": 0.652,
    "precision": 0.06520000000000001,
    "recall": 0.652,
    "mrr": 0.4778920634920635,
    "ndcg": 0.5198144216425472,
    "rmse": 0.9687191743709156,
    "mae": 0.868448412972203
  },
  "time_records": {
    "載入資料": 6.172826766967773,
    "建立映射": 0.5039238929748535,
    "建立稀疏矩陣": 0.11935949325561523,
    "SVD 降維": 12.496775388717651,
    "訓練 KNN": 0.03961181640625,
    "評估": 3.1154556274414062
  },
  "peak_memory_mb": 2618.703125
}