{
  "name": "KNN_BASELINE_004",
  "n_samples": 20000,
  "metrics": {
    "n_samples": 20000.0,
    "hit_rate": 0.67255,
    "precision": 0.067255,
    "recall": 0.67255,
    "mrr": 0.48050720238095235,
    "ndcg": 0.5263729369924064,
    "rmse": 0.9628486052442897,
    "mae": 0.8373617622107348
  },
  "time_records": {
    "載入資料": 5.690053701400757,
    "建立映射": 0.44620442390441895,
    "建立稀疏矩陣": 0.12230038642883301,
    "訓練 KNN": 0.057367801666259766,
    "評估": 81.129154920578
  },
  "peak_memory_mb": 2796.79296875,
  "config": {
    "data_limit": null,
    "min_item_ratings": 0,
    "use_timestamp": false,
    "use_item_bias": false,
    "use_svd": false,
    "n_components": 50,
    "use_time_decay": false,
    "half_life_days": 500,
    "use_tfidf": false,
    "k_neighbors": 20,
    "amplification_factor": 1.0,
    "top_n": 10,
    "random_state": 42
  }
}