{
  "name": "KNN_003",
  "n_samples": 500,
  "metrics": {
    "n_samples": 500.0,
    "hit_rate": 0.666,
    "precision": 0.0666,
    "recall": 0.666,
    "mrr": 0.48553650793650793,
    "ndcg": 0.5287953351697134,
    "rmse": 0.9708314922442599,
    "mae": 0.8596321947944239
  },
  "time_records": {
    "載入資料": 6.246391534805298,
    "建立映射": 0.5038249492645264,
    "建立稀疏矩陣": 0.12161540985107422,
    "SVD 降維": 10.39272689819336,
    "訓練 KNN": 0.03916788101196289,
    "評估": 2.1013150215148926
  },
  "peak_memory_mb": 2589.5859375
}