{
  "name": "KNN_005",
  "n_samples": 500,
  "metrics": {
    "n_samples": 500.0,
    "hit_rate": 0.668,
    "precision": 0.0668,
    "recall": 0.668,
    "mrr": 0.4840587301587301,
    "ndcg": 0.5279889949514399,
    "rmse": 0.9745133858732081,
    "mae": 0.8650059814706261
  },
  "time_records": {
    "載入資料": 6.119592666625977,
    "建立映射": 0.5068807601928711,
    "建立稀疏矩陣": 0.12360072135925293,
    "SVD 降維": 10.150691509246826,
    "訓練 KNN": 0.03528785705566406,
    "評估": 2.571898937225342
  },
  "peak_memory_mb": 2613.1953125
}