{
  "name": "KNN_BASELINE_010",
  "n_samples": 20000,
  "metrics": {
    "n_samples": 20000.0,
    "hit_rate": 0.67485,
    "precision": 0.06748499999999999,
    "recall": 0.67485,
    "mrr": 0.4854660515873016,
    "ndcg": 0.5306946480883782,
    "rmse": 0.9477417502655796,
    "mae": 0.8421689827923031
  },
  "time_records": {
    "載入資料": 5.842412710189819,
    "建立映射": 0.44950246810913086,
    "建立稀疏矩陣": 0.12029528617858887,
    "訓練 KNN": 0.05907034873962402,
    "評估": 112.3402419090271
  },
  "peak_memory_mb": 2736.37890625,
  "config": {
    "data_limit": null,
    "min_item_ratings": 0,
    "use_timestamp": false,
    "use_item_bias": false,
    "use_svd": false,
    "n_components": 50,
    "use_time_decay": false,
    "half_life_days": 500,
    "use_tfidf": false,
    "k_neighbors": 50,
    "amplification_factor": 1.0,
    "top_n": 10,
    "random_state": 42
  }
}