{
  "name": "KNN_BASELINE_009",
  "n_samples": 20000,
  "metrics": {
    "n_samples": 20000.0,
    "hit_rate": 0.6755,
    "precision": 0.06755,
    "recall": 0.6755,
    "mrr": 0.4865830952380953,
    "ndcg": 0.5317021501178327,
    "rmse": 0.948555830142881,
    "mae": 0.8410259382742866
  },
  "time_records": {
    "載入資料": 5.831035614013672,
    "建立映射": 0.4516596794128418,
    "建立稀疏矩陣": 0.12067914009094238,
    "訓練 KNN": 0.06550335884094238,
    "評估": 107.28648781776428
  },
  "peak_memory_mb": 2771.71875,
  "config": {
    "data_limit": null,
    "min_item_ratings": 0,
    "use_timestamp": false,
    "use_item_bias": false,
    "use_svd": false,
    "n_components": 50,
    "use_time_decay": false,
    "half_life_days": 500,
    "use_tfidf": false,
    "k_neighbors": 45,
    "amplification_factor": 1.0,
    "top_n": 10,
    "random_state": 42
  }
}