{
  "name": "KNN_002",
  "n_samples": 500,
  "metrics": {
    "n_samples": 500.0,
    "hit_rate": 0.652,
    "precision": 0.06520000000000001,
    "recall": 0.652,
    "mrr": 0.4751238095238095,
    "ndcg": 0.5175972012289377,
    "rmse": 0.9844726555072912,
    "mae": 0.8629065759006174
  },
  "time_records": {
    "載入資料": 6.073032379150391,
    "建立映射": 0.5041146278381348,
    "建立稀疏矩陣": 0.12262797355651855,
    "SVD 降維": 10.431567192077637,
    "訓練 KNN": 0.034128427505493164,
    "評估": 1.7212557792663574
  },
  "peak_memory_mb": 2580.1328125
}