{
  "name": "OPT_005",
  "n_samples": 20000,
  "metrics": {
    "n_samples": 20000.0,
    "hit_rate": 0.67735,
    "precision": 0.067735,
    "recall": 0.67735,
    "mrr": 0.4919716865079365,
    "ndcg": 0.5362331847377307,
    "rmse": 0.9599566964066847,
    "mae": 0.8502564256865899
  },
  "time_records": {
    "載入資料": 6.067716121673584,
    "建立映射": 0.4857931137084961,
    "建立稀疏矩陣": 0.12151408195495605,
    "SVD 降維": 88.85508608818054,
    "訓練 KNN": 0.05602836608886719,
    "評估": 128.081773519516
  },
  "peak_memory_mb": 4235.8359375,
  "config": {
    "data_limit": null,
    "min_item_ratings": 0,
    "use_timestamp": false,
    "use_item_bias": false,
    "use_svd": true,
    "n_components": 1024,
    "use_time_decay": false,
    "half_life_days": 500,
    "use_tfidf": false,
    "k_neighbors": 40,
    "amplification_factor": 1.0,
    "top_n": 10,
    "random_state": 42,
    "use_genome_hybrid": true,
    "genome_alpha": 0.25
  }
}