{
  "name": "OPT_004",
  "n_samples": 20000,
  "metrics": {
    "n_samples": 20000.0,
    "hit_rate": 0.67745,
    "precision": 0.067745,
    "recall": 0.67745,
    "mrr": 0.49207952380952374,
    "ndcg": 0.5363363241784871,
    "rmse": 0.9599566964066847,
    "mae": 0.8502564256865899
  },
  "time_records": {
    "載入資料": 7.103393077850342,
    "建立映射": 0.6781294345855713,
    "建立稀疏矩陣": 0.12688732147216797,
    "SVD 降維": 117.5847601890564,
    "訓練 KNN": 0.05589580535888672,
    "評估": 132.24558973312378
  },
  "peak_memory_mb": 3459.98046875,
  "config": {
    "data_limit": null,
    "min_item_ratings": 0,
    "use_timestamp": false,
    "use_item_bias": false,
    "use_svd": true,
    "n_components": 1024,
    "use_time_decay": false,
    "half_life_days": 500,
    "use_tfidf": false,
    "k_neighbors": 40,
    "amplification_factor": 1.0,
    "top_n": 10,
    "random_state": 42
  }
}