{
  "name": "OPT_001",
  "n_samples": 20000,
  "metrics": {
    "n_samples": 20000.0,
    "hit_rate": 0.66145,
    "precision": 0.066145,
    "recall": 0.66145,
    "mrr": 0.48971601190476194,
    "ndcg": 0.5307516697771915,
    "rmse": 0.9792309929689144,
    "mae": 0.8603606507248147
  },
  "time_records": {
    "載入資料": 20.894456148147583,
    "建立映射": 0.5197458267211914,
    "建立稀疏矩陣": 0.5976145267486572,
    "SVD 降維": 92.32038760185242,
    "評估": 114.2957410812378
  },
  "peak_memory_mb": 6218.60546875,
  "config": {
    "data_limit": null,
    "min_item_ratings": 0,
    "use_timestamp": true,
    "use_item_bias": false,
    "use_svd": true,
    "n_components": 1024,
    "use_time_decay": true,
    "half_life_days": 500,
    "use_tfidf": false,
    "k_neighbors": 40,
    "amplification_factor": 1.0,
    "top_n": 10,
    "random_state": 42
  }
}