{
  "name": "OPT_007",
  "n_samples": 20000,
  "metrics": {
    "n_samples": 20000.0,
    "hit_rate": 0.67745,
    "precision": 0.067745,
    "recall": 0.67745,
    "mrr": 0.49207952380952374,
    "ndcg": 0.5363363241784871,
    "rmse": 0.9599566964066847,
    "mae": 0.8502564256865899
  },
  "time_records": {
    "載入資料": 6.04641056060791,
    "建立映射": 0.486133337020874,
    "建立稀疏矩陣": 0.11970305442810059,
    "SVD 降維": 88.8467264175415,
    "評估": 103.90616869926453
  },
  "peak_memory_mb": 4215.5234375,
  "config": {
    "data_limit": null,
    "min_item_ratings": 0,
    "use_timestamp": false,
    "use_item_bias": false,
    "use_svd": true,
    "n_components": 1024,
    "use_time_decay": false,
    "half_life_days": 500,
    "use_tfidf": false,
    "k_neighbors": 40,
    "amplification_factor": 1.0,
    "top_n": 10,
    "random_state": 42,
    "use_genome_hybrid": true,
    "genome_alpha": 0.5
  }
}