{
  "name": "OPT_002",
  "n_samples": 20000,
  "metrics": {
    "n_samples": 20000.0,
    "hit_rate": 0.57295,
    "precision": 0.057295,
    "recall": 0.57295,
    "mrr": 0.3418564484126984,
    "ndcg": 0.3966174156926275,
    "rmse": 0.9988468967840901,
    "mae": 0.8901354802218695
  },
  "time_records": {
    "載入資料": 5.756272315979004,
    "建立映射": 0.5054583549499512,
    "建立稀疏矩陣": 0.7950012683868408,
    "SVD 降維": 90.40969347953796,
    "訓練 KNN": 0.05415916442871094,
    "評估": 113.39691376686096
  },
  "peak_memory_mb": 6362.16015625,
  "config": {
    "data_limit": null,
    "min_item_ratings": 0,
    "use_timestamp": false,
    "use_item_bias": false,
    "use_svd": true,
    "n_components": 1024,
    "use_time_decay": false,
    "half_life_days": 500,
    "use_tfidf": true,
    "k_neighbors": 40,
    "amplification_factor": 1.0,
    "top_n": 10,
    "random_state": 42
  }
}