{
  "name": "OPT_004",
  "n_samples": 20000,
  "metrics": {
    "n_samples": 20000.0,
    "hit_rate": 0.13735,
    "precision": 0.013735,
    "recall": 0.13735,
    "mrr": 0.056690119047619045,
    "ndcg": 0.07536557435229725,
    "rmse": 0.9599566964066847,
    "mae": 0.8502564256865899
  },
  "time_records": {
    "載入資料": 6.043956995010376,
    "建立映射": 0.5036489963531494,
    "建立稀疏矩陣": 0.12111234664916992,
    "SVD 降維": 88.92207860946655,
    "訓練 KNN": 0.054204463958740234,
    "評估": 209.87613463401794
  },
  "peak_memory_mb": 4237.1796875,
  "config": {
    "data_limit": null,
    "min_item_ratings": 0,
    "use_timestamp": false,
    "use_item_bias": false,
    "use_svd": true,
    "n_components": 1024,
    "use_time_decay": false,
    "half_life_days": 500,
    "use_tfidf": false,
    "k_neighbors": 40,
    "amplification_factor": 1.0,
    "top_n": 10,
    "random_state": 42,
    "use_genome_hybrid": true,
    "genome_alpha": 1.0
  }
}