{
  "name": "OPT_001",
  "n_samples": 500,
  "metrics": {
    "n_samples": 500.0,
    "hit_rate": 0.616,
    "precision": 0.0616,
    "recall": 0.616,
    "mrr": 0.42975634920634925,
    "ndcg": 0.47398016087677697,
    "rmse": 1.031231876502979,
    "mae": 0.9098301464930539
  },
  "time_records": {
    "載入資料": 21.02526354789734,
    "建立映射": 0.519141674041748,
    "建立稀疏矩陣": 0.5963499546051025,
    "SVD 降維": 10.48602819442749,
    "訓練 KNN": 0.03433513641357422,
    "評估": 2.57619309425354
  },
  "peak_memory_mb": 4738.578125
}