{
  "name": "OPT_003",
  "n_samples": 500,
  "metrics": {
    "n_samples": 500.0,
    "hit_rate": 0.53,
    "precision": 0.053000000000000005,
    "recall": 0.53,
    "mrr": 0.2884571428571429,
    "ndcg": 0.3454033165601487,
    "rmse": 1.0093715548818247,
    "mae": 0.9080278718552807
  },
  "time_records": {
    "載入資料": 6.031511306762695,
    "建立映射": 0.5046238899230957,
    "建立稀疏矩陣": 0.7965357303619385,
    "SVD 降維": 10.11922001838684,
    "訓練 KNN": 0.03862452507019043,
    "評估": 2.4499776363372803
  },
  "peak_memory_mb": 4902.19921875
}