{
  "name": "OPT_006",
  "n_samples": 20000,
  "metrics": {
    "n_samples": 20000.0,
    "hit_rate": 0.6777,
    "precision": 0.06777,
    "recall": 0.6777,
    "mrr": 0.49121599206349204,
    "ndcg": 0.5357503557549479,
    "rmse": 0.9599566964066847,
    "mae": 0.8502564256865899
  },
  "time_records": {
    "載入資料": 6.028927326202393,
    "建立映射": 0.486743688583374,
    "建立稀疏矩陣": 0.1222233772277832,
    "SVD 降維": 88.84642219543457,
    "訓練 KNN": 0.053253173828125,
    "評估": 130.2040331363678
  },
  "peak_memory_mb": 4236.93359375,
  "config": {
    "data_limit": null,
    "min_item_ratings": 0,
    "use_timestamp": false,
    "use_item_bias": false,
    "use_svd": true,
    "n_components": 1024,
    "use_time_decay": false,
    "half_life_days": 500,
    "use_tfidf": false,
    "k_neighbors": 40,
    "amplification_factor": 1.0,
    "top_n": 10,
    "random_state": 42,
    "use_genome_hybrid": true,
    "genome_alpha": 0.75
  }
}