{
  "name": "SVD_KNN_EXPAND_041",
  "n_samples": 20000,
  "metrics": {
    "n_samples": 20000.0,
    "hit_rate": 0.3169,
    "precision": 0.03169,
    "recall": 0.3169,
    "mrr": 0.13713402777777775,
    "ndcg": 0.17903506868783806,
    "rmse": 1.1798893016569216,
    "mae": 1.0674000140444844
  },
  "time_records": {
    "載入資料": 5.919588804244995,
    "建立映射": 0.49645376205444336,
    "建立稀疏矩陣": 0.1199195384979248,
    "SVD 降維": 0.9687223434448242,
    "訓練 KNN": 0.019773483276367188,
    "評估": 85.85536861419678
  },
  "peak_memory_mb": 2260.0390625,
  "config": {
    "data_limit": null,
    "min_item_ratings": 0,
    "use_timestamp": false,
    "use_item_bias": false,
    "use_svd": true,
    "n_components": 2,
    "use_time_decay": false,
    "half_life_days": 500,
    "use_tfidf": false,
    "k_neighbors": 60,
    "amplification_factor": 1.0,
    "top_n": 10,
    "random_state": 42
  }
}