{
  "name": "SVD_007",
  "n_samples": 500,
  "metrics": {
    "n_samples": 500.0,
    "hit_rate": 0.674,
    "precision": 0.0674,
    "recall": 0.674,
    "mrr": 0.4902968253968254,
    "ndcg": 0.534419677854899,
    "rmse": 0.9665985138773392,
    "mae": 0.844189219926639
  },
  "time_records": {
    "載入資料": 6.2090606689453125,
    "建立映射": 0.4973738193511963,
    "建立稀疏矩陣": 0.11965084075927734,
    "SVD 降維": 14.065662622451782,
    "訓練 KNN": 0.03356599807739258,
    "評估": 1.7551994323730469
  },
  "peak_memory_mb": 2781.76953125
}