{
  "name": "SVD_KNN_EXPAND_031",
  "n_samples": 20000,
  "metrics": {
    "n_samples": 20000.0,
    "hit_rate": 0.67445,
    "precision": 0.067445,
    "recall": 0.67445,
    "mrr": 0.48558301587301583,
    "ndcg": 0.5306792504551451,
    "rmse": 0.9474003181305478,
    "mae": 0.8435682614691834
  },
  "time_records": {
    "載入資料": 7.226823091506958,
    "建立映射": 0.6987752914428711,
    "建立稀疏矩陣": 0.1973116397857666,
    "SVD 降維": 1485.404773235321,
    "評估": 341.45125222206116
  },
  "peak_memory_mb": 13215.1015625,
  "config": {
    "data_limit": null,
    "min_item_ratings": 0,
    "use_timestamp": false,
    "use_item_bias": false,
    "use_svd": true,
    "n_components": 8192,
    "use_time_decay": false,
    "half_life_days": 500,
    "use_tfidf": false,
    "k_neighbors": 55,
    "amplification_factor": 1.0,
    "top_n": 10,
    "random_state": 42
  }
}