{
  "name": "SVD_KNN_EXPAND_086",
  "n_samples": 20000,
  "metrics": {
    "n_samples": 20000.0,
    "hit_rate": 0.62605,
    "precision": 0.062605,
    "recall": 0.62605,
    "mrr": 0.44597085317460317,
    "ndcg": 0.4888542784223151,
    "rmse": 0.9924127111040043,
    "mae": 0.8785820566368046
  },
  "time_records": {
    "載入資料": 5.842431545257568,
    "建立映射": 0.5159246921539307,
    "建立稀疏矩陣": 0.11995577812194824,
    "SVD 降維": 5.5016560554504395,
    "評估": 105.71889352798462
  },
  "peak_memory_mb": 2498.91796875,
  "config": {
    "data_limit": null,
    "min_item_ratings": 0,
    "use_timestamp": false,
    "use_item_bias": false,
    "use_svd": true,
    "n_components": 64,
    "use_time_decay": false,
    "half_life_days": 500,
    "use_tfidf": false,
    "k_neighbors": 60,
    "amplification_factor": 1.0,
    "top_n": 10,
    "random_state": 42
  }
}