{
  "name": "SVD_KNN_GRID_071",
  "n_samples": 20000,
  "metrics": {
    "n_samples": 20000.0,
    "hit_rate": 0.61965,
    "precision": 0.061965000000000006,
    "recall": 0.61965,
    "mrr": 0.42757668650793657,
    "ndcg": 0.47342496809111956,
    "rmse": 1.0408991914001477,
    "mae": 0.8594371266591192
  },
  "time_records": {
    "載入資料": 5.715439796447754,
    "建立映射": 0.4479653835296631,
    "建立稀疏矩陣": 0.12016844749450684,
    "SVD 降維": 20.04837465286255,
    "訓練 KNN": 0.035955190658569336,
    "評估": 51.706932067871094
  },
  "peak_memory_mb": 3302.21875,
  "config": {
    "data_limit": null,
    "min_item_ratings": 0,
    "use_timestamp": false,
    "use_item_bias": false,
    "use_svd": true,
    "n_components": 256,
    "use_time_decay": false,
    "half_life_days": 500,
    "use_tfidf": false,
    "k_neighbors": 5,
    "amplification_factor": 1.0,
    "top_n": 10,
    "random_state": 42
  }
}