{
  "name": "SVD_002",
  "n_samples": 500,
  "metrics": {
    "n_samples": 500.0,
    "hit_rate": 0.614,
    "precision": 0.061399999999999996,
    "recall": 0.614,
    "mrr": 0.4164785714285714,
    "ndcg": 0.4640172480777457,
    "rmse": 1.047339548107445,
    "mae": 0.9105617588941016
  },
  "time_records": {
    "載入資料": 6.201958179473877,
    "建立映射": 0.5054216384887695,
    "建立稀疏矩陣": 0.1201329231262207,
    "SVD 降維": 4.2236716747283936,
    "訓練 KNN": 0.03513789176940918,
    "評估": 1.7654311656951904
  },
  "peak_memory_mb": 2354.734375
}