{
  "name": "SVD_KNN_EXPAND_114",
  "n_samples": 20000,
  "metrics": {
    "n_samples": 20000.0,
    "hit_rate": 0.67305,
    "precision": 0.067305,
    "recall": 0.67305,
    "mrr": 0.4938646428571428,
    "ndcg": 0.5366539260720732,
    "rmse": 0.9648420334693125,
    "mae": 0.8592087120147324
  },
  "time_records": {
    "載入資料": 7.1836278438568115,
    "建立映射": 0.46944379806518555,
    "建立稀疏矩陣": 0.3338456153869629,
    "SVD 降維": 53.27244853973389,
    "評估": 146.8881914615631
  },
  "peak_memory_mb": 3660.9609375,
  "config": {
    "data_limit": null,
    "min_item_ratings": 0,
    "use_timestamp": false,
    "use_item_bias": false,
    "use_svd": true,
    "n_components": 512,
    "use_time_decay": false,
    "half_life_days": 500,
    "use_tfidf": false,
    "k_neighbors": 65,
    "amplification_factor": 1.0,
    "top_n": 10,
    "random_state": 42
  }
}