{
  "name": "SVD_KNN_EXPAND_068",
  "n_samples": 20000,
  "metrics": {
    "n_samples": 20000.0,
    "hit_rate": 0.5567,
    "precision": 0.05567,
    "recall": 0.5567,
    "mrr": 0.3394378571428571,
    "ndcg": 0.39103545176778615,
    "rmse": 1.0211769307300778,
    "mae": 0.9114930896614802
  },
  "time_records": {
    "載入資料": 5.849706172943115,
    "建立映射": 0.5206944942474365,
    "建立稀疏矩陣": 0.12036752700805664,
    "SVD 降維": 1.894721269607544,
    "訓練 KNN": 0.02176690101623535,
    "評估": 100.65753674507141
  },
  "peak_memory_mb": 2371.140625,
  "config": {
    "data_limit": null,
    "min_item_ratings": 0,
    "use_timestamp": false,
    "use_item_bias": false,
    "use_svd": true,
    "n_components": 16,
    "use_time_decay": false,
    "half_life_days": 500,
    "use_tfidf": false,
    "k_neighbors": 60,
    "amplification_factor": 1.0,
    "top_n": 10,
    "random_state": 42
  }
}