{
  "name": "SVD_015",
  "n_samples": 500,
  "metrics": {
    "n_samples": 500.0,
    "hit_rate": 0.638,
    "precision": 0.0638,
    "recall": 0.638,
    "mrr": 0.4546722222222222,
    "ndcg": 0.49858514745003946,
    "rmse": 1.0223344569364945,
    "mae": 0.878408318486915
  },
  "time_records": {
    "載入資料": 6.031936168670654,
    "建立映射": 0.5107121467590332,
    "建立稀疏矩陣": 0.11959099769592285,
    "SVD 降維": 10.115100383758545,
    "訓練 KNN": 0.0353391170501709,
    "評估": 1.6628353595733643
  },
  "peak_memory_mb": 2606.796875
}