{
  "name": "SVD_KNN_GRID_090",
  "n_samples": 20000,
  "metrics": {
    "n_samples": 20000.0,
    "hit_rate": 0.67325,
    "precision": 0.067325,
    "recall": 0.67325,
    "mrr": 0.495399503968254,
    "ndcg": 0.5378597008458939,
    "rmse": 0.9673050627978994,
    "mae": 0.8571834637562732
  },
  "time_records": {
    "載入資料": 5.773832321166992,
    "建立映射": 0.4462547302246094,
    "建立稀疏矩陣": 0.1226346492767334,
    "SVD 降維": 40.5666663646698,
    "訓練 KNN": 0.041723012924194336,
    "評估": 110.24862480163574
  },
  "peak_memory_mb": 3734.51953125,
  "config": {
    "data_limit": null,
    "min_item_ratings": 0,
    "use_timestamp": false,
    "use_item_bias": false,
    "use_svd": true,
    "n_components": 512,
    "use_time_decay": false,
    "half_life_days": 500,
    "use_tfidf": false,
    "k_neighbors": 50,
    "amplification_factor": 1.0,
    "top_n": 10,
    "random_state": 42
  }
}