{
  "name": "SVD_009",
  "n_samples": 500,
  "metrics": {
    "n_samples": 500.0,
    "hit_rate": 0.678,
    "precision": 0.0678,
    "recall": 0.678,
    "mrr": 0.5026293650793652,
    "ndcg": 0.5446862337328392,
    "rmse": 0.9606891873376021,
    "mae": 0.8475834307224726
  },
  "time_records": {
    "載入資料": 6.17125940322876,
    "建立映射": 0.5056869983673096,
    "建立稀疏矩陣": 0.12552165985107422,
    "SVD 降維": 19.894147157669067,
    "訓練 KNN": 0.03356194496154785,
    "評估": 1.7794926166534424
  },
  "peak_memory_mb": 2894.6015625
}