{
  "name": "SVD_KNN_EXPAND_091",
  "n_samples": 20000,
  "metrics": {
    "n_samples": 20000.0,
    "hit_rate": 0.65725,
    "precision": 0.065725,
    "recall": 0.65725,
    "mrr": 0.4840589285714286,
    "ndcg": 0.5253800300237598,
    "rmse": 0.9830556365710073,
    "mae": 0.8628243962950713
  },
  "time_records": {
    "載入資料": 5.936807155609131,
    "建立映射": 0.5119524002075195,
    "建立稀疏矩陣": 0.12156343460083008,
    "SVD 降維": 10.490936040878296,
    "評估": 88.05791854858398
  },
  "peak_memory_mb": 2747.51953125,
  "config": {
    "data_limit": null,
    "min_item_ratings": 0,
    "use_timestamp": false,
    "use_item_bias": false,
    "use_svd": true,
    "n_components": 128,
    "use_time_decay": false,
    "half_life_days": 500,
    "use_tfidf": false,
    "k_neighbors": 40,
    "amplification_factor": 1.0,
    "top_n": 10,
    "random_state": 42
  }
}