{
  "name": "SVD_KNN_GRID_065",
  "n_samples": 20000,
  "metrics": {
    "n_samples": 20000.0,
    "hit_rate": 0.65685,
    "precision": 0.06568500000000001,
    "recall": 0.65685,
    "mrr": 0.48252662698412707,
    "ndcg": 0.5241484312033121,
    "rmse": 0.9900757533917379,
    "mae": 0.8610808365551398
  },
  "time_records": {
    "載入資料": 5.815827131271362,
    "建立映射": 0.4478027820587158,
    "建立稀疏矩陣": 0.11987662315368652,
    "SVD 降維": 10.69709587097168,
    "訓練 KNN": 0.03552389144897461,
    "評估": 73.71989512443542
  },
  "peak_memory_mb": 2988.80078125,
  "config": {
    "data_limit": null,
    "min_item_ratings": 0,
    "use_timestamp": false,
    "use_item_bias": false,
    "use_svd": true,
    "n_components": 128,
    "use_time_decay": false,
    "half_life_days": 500,
    "use_tfidf": false,
    "k_neighbors": 25,
    "amplification_factor": 1.0,
    "top_n": 10,
    "random_state": 42
  }
}