{
  "name": "SVD_KNN_EXPAND_011",
  "n_samples": 20000,
  "metrics": {
    "n_samples": 20000.0,
    "hit_rate": 0.67585,
    "precision": 0.06758499999999999,
    "recall": 0.67585,
    "mrr": 0.48786351190476196,
    "ndcg": 0.5328209633459658,
    "rmse": 0.9546609244110191,
    "mae": 0.84721472771804
  },
  "time_records": {
    "載入資料": 5.879842758178711,
    "建立映射": 0.48032045364379883,
    "建立稀疏矩陣": 0.1191413402557373,
    "SVD 降維": 227.8621473312378,
    "評估": 149.94115328788757
  },
  "peak_memory_mb": 5388.87109375,
  "config": {
    "data_limit": null,
    "min_item_ratings": 0,
    "use_timestamp": false,
    "use_item_bias": false,
    "use_svd": true,
    "n_components": 2048,
    "use_time_decay": false,
    "half_life_days": 500,
    "use_tfidf": false,
    "k_neighbors": 45,
    "amplification_factor": 1.0,
    "top_n": 10,
    "random_state": 42
  }
}