{
  "name": "SVD_KNN_GRID_041",
  "n_samples": 20000,
  "metrics": {
    "n_samples": 20000.0,
    "hit_rate": 0.5341,
    "precision": 0.05341,
    "recall": 0.5341,
    "mrr": 0.3343497619047619,
    "ndcg": 0.38182856981277596,
    "rmse": 1.0900425439981534,
    "mae": 0.9020785583524866
  },
  "time_records": {
    "載入資料": 5.948272705078125,
    "建立映射": 0.4480757713317871,
    "建立稀疏矩陣": 0.12245512008666992,
    "SVD 降維": 3.132840394973755,
    "評估": 49.667059898376465
  },
  "peak_memory_mb": 2663.8203125,
  "config": {
    "data_limit": null,
    "min_item_ratings": 0,
    "use_timestamp": false,
    "use_item_bias": false,
    "use_svd": true,
    "n_components": 32,
    "use_time_decay": false,
    "half_life_days": 500,
    "use_tfidf": false,
    "k_neighbors": 5,
    "amplification_factor": 1.0,
    "top_n": 10,
    "random_state": 42
  }
}