{
  "name": "SVD_KNN_EXPAND_093",
  "n_samples": 20000,
  "metrics": {
    "n_samples": 20000.0,
    "hit_rate": 0.6576,
    "precision": 0.06576,
    "recall": 0.6576,
    "mrr": 0.48402063492063496,
    "ndcg": 0.525390483639451,
    "rmse": 0.9815091590649058,
    "mae": 0.8653210039269558
  },
  "time_records": {
    "載入資料": 5.819165945053101,
    "建立映射": 0.5040223598480225,
    "建立稀疏矩陣": 0.12004733085632324,
    "SVD 降維": 11.944343328475952,
    "訓練 KNN": 0.038252830505371094,
    "評估": 98.569580078125
  },
  "peak_memory_mb": 2755.03125,
  "config": {
    "data_limit": null,
    "min_item_ratings": 0,
    "use_timestamp": false,
    "use_item_bias": false,
    "use_svd": true,
    "n_components": 128,
    "use_time_decay": false,
    "half_life_days": 500,
    "use_tfidf": false,
    "k_neighbors": 50,
    "amplification_factor": 1.0,
    "top_n": 10,
    "random_state": 42
  }
}