{
  "name": "SVD_KNN_GRID_092",
  "n_samples": 20000,
  "metrics": {
    "n_samples": 20000.0,
    "hit_rate": 0.65335,
    "precision": 0.065335,
    "recall": 0.65335,
    "mrr": 0.4628218055555555,
    "ndcg": 0.5083203681541769,
    "rmse": 0.9985375785238612,
    "mae": 0.8497300492019138
  },
  "time_records": {
    "載入資料": 5.7359254360198975,
    "建立映射": 0.4446902275085449,
    "建立稀疏矩陣": 0.12079334259033203,
    "SVD 降維": 93.39973020553589,
    "評估": 82.69928646087646
  },
  "peak_memory_mb": 4516.40625,
  "config": {
    "data_limit": null,
    "min_item_ratings": 0,
    "use_timestamp": false,
    "use_item_bias": false,
    "use_svd": true,
    "n_components": 1024,
    "use_time_decay": false,
    "half_life_days": 500,
    "use_tfidf": false,
    "k_neighbors": 10,
    "amplification_factor": 1.0,
    "top_n": 10,
    "random_state": 42
  }
}