{
  "name": "SVD_KNN_EXPAND_063",
  "n_samples": 20000,
  "metrics": {
    "n_samples": 20000.0,
    "hit_rate": 0.502,
    "precision": 0.0502,
    "recall": 0.502,
    "mrr": 0.2913811507936508,
    "ndcg": 0.3411913884861253,
    "rmse": 1.0469529016601942,
    "mae": 0.9375666193737084
  },
  "time_records": {
    "載入資料": 5.819945335388184,
    "建立映射": 0.5100159645080566,
    "建立稀疏矩陣": 0.12276387214660645,
    "SVD 降維": 1.4460585117340088,
    "訓練 KNN": 0.019913196563720703,
    "評估": 117.32056617736816
  },
  "peak_memory_mb": 2321.9140625,
  "config": {
    "data_limit": null,
    "min_item_ratings": 0,
    "use_timestamp": false,
    "use_item_bias": false,
    "use_svd": true,
    "n_components": 8,
    "use_time_decay": false,
    "half_life_days": 500,
    "use_tfidf": false,
    "k_neighbors": 80,
    "amplification_factor": 1.0,
    "top_n": 10,
    "random_state": 42
  }
}