{
  "name": "SVD_KNN_EXPAND_027",
  "n_samples": 20000,
  "metrics": {
    "n_samples": 20000.0,
    "hit_rate": 0.672,
    "precision": 0.06720000000000001,
    "recall": 0.672,
    "mrr": 0.4840960912698413,
    "ndcg": 0.5289933169836155,
    "rmse": 0.9481159808975572,
    "mae": 0.8497185532152289
  },
  "time_records": {
    "載入資料": 5.989508867263794,
    "建立映射": 0.49086475372314453,
    "建立稀疏矩陣": 0.12011098861694336,
    "SVD 降維": 553.1961362361908,
    "訓練 KNN": 0.12673282623291016,
    "評估": 237.03545689582825
  },
  "peak_memory_mb": 8002.64453125,
  "config": {
    "data_limit": null,
    "min_item_ratings": 0,
    "use_timestamp": false,
    "use_item_bias": false,
    "use_svd": true,
    "n_components": 4096,
    "use_time_decay": false,
    "half_life_days": 500,
    "use_tfidf": false,
    "k_neighbors": 80,
    "amplification_factor": 1.0,
    "top_n": 10,
    "random_state": 42
  }
}