{
  "name": "SVD_KNN_EXPAND_020",
  "n_samples": 20000,
  "metrics": {
    "n_samples": 20000.0,
    "hit_rate": 0.6747,
    "precision": 0.06747,
    "recall": 0.6747,
    "mrr": 0.48677240079365075,
    "ndcg": 0.5316912806050478,
    "rmse": 0.9518633055043858,
    "mae": 0.8446016506272114
  },
  "time_records": {
    "載入資料": 5.771760702133179,
    "建立映射": 0.4933815002441406,
    "建立稀疏矩陣": 0.11893606185913086,
    "SVD 降維": 550.6656396389008,
    "評估": 203.4402072429657
  },
  "peak_memory_mb": 8026.94140625,
  "config": {
    "data_limit": null,
    "min_item_ratings": 0,
    "use_timestamp": false,
    "use_item_bias": false,
    "use_svd": true,
    "n_components": 4096,
    "use_time_decay": false,
    "half_life_days": 500,
    "use_tfidf": false,
    "k_neighbors": 45,
    "amplification_factor": 1.0,
    "top_n": 10,
    "random_state": 42
  }
}