{
  "name": "SVD_KNN_GRID_031",
  "n_samples": 20000,
  "metrics": {
    "n_samples": 20000.0,
    "hit_rate": 0.4782,
    "precision": 0.04782,
    "recall": 0.4782,
    "mrr": 0.26772869047619047,
    "ndcg": 0.31749064774783176,
    "rmse": 1.1095273390527804,
    "mae": 0.9257004638621696
  },
  "time_records": {
    "載入資料": 5.750701427459717,
    "建立映射": 0.4485442638397217,
    "建立稀疏矩陣": 0.12057185173034668,
    "SVD 降維": 1.8367111682891846,
    "評估": 46.96532082557678
  },
  "peak_memory_mb": 2631.91796875,
  "config": {
    "data_limit": null,
    "min_item_ratings": 0,
    "use_timestamp": false,
    "use_item_bias": false,
    "use_svd": true,
    "n_components": 16,
    "use_time_decay": false,
    "half_life_days": 500,
    "use_tfidf": false,
    "k_neighbors": 5,
    "amplification_factor": 1.0,
    "top_n": 10,
    "random_state": 42
  }
}