{
  "name": "SVD_011",
  "n_samples": 500,
  "metrics": {
    "n_samples": 500.0,
    "hit_rate": 0.686,
    "precision": 0.06860000000000001,
    "recall": 0.686,
    "mrr": 0.5028079365079364,
    "ndcg": 0.5467059727195841,
    "rmse": 0.9807394090825495,
    "mae": 0.8513058486151347
  },
  "time_records": {
    "載入資料": 6.01110577583313,
    "建立映射": 0.5008485317230225,
    "建立稀疏矩陣": 0.12047767639160156,
    "SVD 降維": 24.36586308479309,
    "訓練 KNN": 0.03735709190368652,
    "評估": 1.8907279968261719
  },
  "peak_memory_mb": 2977.90625
}