{
  "name": "SVD_KNN_EXPAND_054",
  "n_samples": 20000,
  "metrics": {
    "n_samples": 20000.0,
    "hit_rate": 0.3876,
    "precision": 0.03876,
    "recall": 0.3876,
    "mrr": 0.1858910119047619,
    "ndcg": 0.23325422177766642,
    "rmse": 1.1202236575040285,
    "mae": 1.014860421349295
  },
  "time_records": {
    "載入資料": 6.335042476654053,
    "建立映射": 0.5017552375793457,
    "建立稀疏矩陣": 0.12149429321289062,
    "SVD 降維": 1.1482658386230469,
    "訓練 KNN": 0.021116971969604492,
    "評估": 117.26568078994751
  },
  "peak_memory_mb": 2296.890625,
  "config": {
    "data_limit": null,
    "min_item_ratings": 0,
    "use_timestamp": false,
    "use_item_bias": false,
    "use_svd": true,
    "n_components": 4,
    "use_time_decay": false,
    "half_life_days": 500,
    "use_tfidf": false,
    "k_neighbors": 80,
    "amplification_factor": 1.0,
    "top_n": 10,
    "random_state": 42
  }
}