{
  "name": "SVD_KNN_EXPAND_062",
  "n_samples": 20000,
  "metrics": {
    "n_samples": 20000.0,
    "hit_rate": 0.5022,
    "precision": 0.05022,
    "recall": 0.5022,
    "mrr": 0.29022930555555554,
    "ndcg": 0.3403926955045304,
    "rmse": 1.0475139264626254,
    "mae": 0.9375155410665861
  },
  "time_records": {
    "載入資料": 6.064412593841553,
    "建立映射": 0.5352592468261719,
    "建立稀疏矩陣": 0.13990545272827148,
    "SVD 降維": 1.40897536277771,
    "評估": 112.87808752059937
  },
  "peak_memory_mb": 2327.70703125,
  "config": {
    "data_limit": null,
    "min_item_ratings": 0,
    "use_timestamp": false,
    "use_item_bias": false,
    "use_svd": true,
    "n_components": 8,
    "use_time_decay": false,
    "half_life_days": 500,
    "use_tfidf": false,
    "k_neighbors": 75,
    "amplification_factor": 1.0,
    "top_n": 10,
    "random_state": 42
  }
}