{
  "name": "SVD_012",
  "n_samples": 500,
  "metrics": {
    "n_samples": 500.0,
    "hit_rate": 0.684,
    "precision": 0.0684,
    "recall": 0.684,
    "mrr": 0.503818253968254,
    "ndcg": 0.5467299963412958,
    "rmse": 0.9869815010555351,
    "mae": 0.8595163411019555
  },
  "time_records": {
    "載入資料": 5.991381406784058,
    "建立映射": 0.5088248252868652,
    "建立稀疏矩陣": 0.1202547550201416,
    "SVD 降維": 33.15168881416321,
    "訓練 KNN": 0.038722991943359375,
    "評估": 2.13553786277771
  },
  "peak_memory_mb": 3034.03125
}