{
  "name": "SVD_KNN_GRID_024",
  "n_samples": 20000,
  "metrics": {
    "n_samples": 20000.0,
    "hit_rate": 0.4801,
    "precision": 0.048010000000000004,
    "recall": 0.4801,
    "mrr": 0.27056660714285713,
    "ndcg": 0.32013268954765306,
    "rmse": 1.0874699791216453,
    "mae": 0.9470191947660346
  },
  "time_records": {
    "載入資料": 5.842251539230347,
    "建立映射": 0.44973111152648926,
    "建立稀疏矩陣": 0.12056159973144531,
    "SVD 降維": 1.2410001754760742,
    "訓練 KNN": 0.021644115447998047,
    "評估": 61.38579702377319
  },
  "peak_memory_mb": 2569.05078125,
  "config": {
    "data_limit": null,
    "min_item_ratings": 0,
    "use_timestamp": false,
    "use_item_bias": false,
    "use_svd": true,
    "n_components": 8,
    "use_time_decay": false,
    "half_life_days": 500,
    "use_tfidf": false,
    "k_neighbors": 20,
    "amplification_factor": 1.0,
    "top_n": 10,
    "random_state": 42
  }
}