{
  "name": "SVD_KNN_EXPAND_072",
  "n_samples": 20000,
  "metrics": {
    "n_samples": 20000.0,
    "hit_rate": 0.5547,
    "precision": 0.05547,
    "recall": 0.5547,
    "mrr": 0.3396238492063492,
    "ndcg": 0.39068877497383275,
    "rmse": 1.0165196223953428,
    "mae": 0.9127217776633075
  },
  "time_records": {
    "載入資料": 5.823938369750977,
    "建立映射": 0.518528938293457,
    "建立稀疏矩陣": 0.12026500701904297,
    "SVD 降維": 1.8455417156219482,
    "評估": 120.72382092475891
  },
  "peak_memory_mb": 2379.55078125,
  "config": {
    "data_limit": null,
    "min_item_ratings": 0,
    "use_timestamp": false,
    "use_item_bias": false,
    "use_svd": true,
    "n_components": 16,
    "use_time_decay": false,
    "half_life_days": 500,
    "use_tfidf": false,
    "k_neighbors": 80,
    "amplification_factor": 1.0,
    "top_n": 10,
    "random_state": 42
  }
}