{
  "name": "SVD_KNN_GRID_016",
  "n_samples": 20000,
  "metrics": {
    "n_samples": 20000.0,
    "hit_rate": 0.3699,
    "precision": 0.03699,
    "recall": 0.3699,
    "mrr": 0.17590150793650794,
    "ndcg": 0.22141290780011358,
    "rmse": 1.1547354451460798,
    "mae": 1.022194639666851
  },
  "time_records": {
    "載入資料": 5.768873453140259,
    "建立映射": 0.44919276237487793,
    "建立稀疏矩陣": 0.12273073196411133,
    "SVD 降維": 1.0253868103027344,
    "訓練 KNN": 0.021900177001953125,
    "評估": 72.52296090126038
  },
  "peak_memory_mb": 2583.65625,
  "config": {
    "data_limit": null,
    "min_item_ratings": 0,
    "use_timestamp": false,
    "use_item_bias": false,
    "use_svd": true,
    "n_components": 4,
    "use_time_decay": false,
    "half_life_days": 500,
    "use_tfidf": false,
    "k_neighbors": 30,
    "amplification_factor": 1.0,
    "top_n": 10,
    "random_state": 42
  }
}