{
  "name": "SVD_KNN_EXPAND_099",
  "n_samples": 20000,
  "metrics": {
    "n_samples": 20000.0,
    "hit_rate": 0.65335,
    "precision": 0.065335,
    "recall": 0.65335,
    "mrr": 0.479725376984127,
    "ndcg": 0.5211070568014363,
    "rmse": 0.9812982334212299,
    "mae": 0.8721909199263135
  },
  "time_records": {
    "載入資料": 6.0332934856414795,
    "建立映射": 0.5335254669189453,
    "建立稀疏矩陣": 0.1488966941833496,
    "SVD 降維": 12.218252182006836,
    "評估": 145.78353667259216
  },
  "peak_memory_mb": 2763.890625,
  "config": {
    "data_limit": null,
    "min_item_ratings": 0,
    "use_timestamp": false,
    "use_item_bias": false,
    "use_svd": true,
    "n_components": 128,
    "use_time_decay": false,
    "half_life_days": 500,
    "use_tfidf": false,
    "k_neighbors": 80,
    "amplification_factor": 1.0,
    "top_n": 10,
    "random_state": 42
  }
}