{
  "name": "SVD_KNN_EXPAND_082",
  "n_samples": 20000,
  "metrics": {
    "n_samples": 20000.0,
    "hit_rate": 0.6271,
    "precision": 0.06271,
    "recall": 0.6271,
    "mrr": 0.4490487301587302,
    "ndcg": 0.4915336065477688,
    "rmse": 0.9978234235152353,
    "mae": 0.8762635205540565
  },
  "time_records": {
    "載入資料": 5.990524530410767,
    "建立映射": 0.5104620456695557,
    "建立稀疏矩陣": 0.12683320045471191,
    "SVD 降維": 5.296409368515015,
    "評估": 85.72347450256348
  },
  "peak_memory_mb": 2481.0078125,
  "config": {
    "data_limit": null,
    "min_item_ratings": 0,
    "use_timestamp": false,
    "use_item_bias": false,
    "use_svd": true,
    "n_components": 64,
    "use_time_decay": false,
    "half_life_days": 500,
    "use_tfidf": false,
    "k_neighbors": 40,
    "amplification_factor": 1.0,
    "top_n": 10,
    "random_state": 42
  }
}