{
  "name": "SVD_KNN_EXPAND_102",
  "n_samples": 20000,
  "metrics": {
    "n_samples": 20000.0,
    "hit_rate": 0.6674,
    "precision": 0.06674,
    "recall": 0.6674,
    "mrr": 0.4960403968253968,
    "ndcg": 0.5369765186073489,
    "rmse": 0.9749397271458609,
    "mae": 0.8610872988046357
  },
  "time_records": {
    "載入資料": 7.294829845428467,
    "建立映射": 0.5049545764923096,
    "建立稀疏矩陣": 0.12764358520507812,
    "SVD 降維": 28.6911404132843,
    "評估": 113.50484275817871
  },
  "peak_memory_mb": 3110.36328125,
  "config": {
    "data_limit": null,
    "min_item_ratings": 0,
    "use_timestamp": false,
    "use_item_bias": false,
    "use_svd": true,
    "n_components": 256,
    "use_time_decay": false,
    "half_life_days": 500,
    "use_tfidf": false,
    "k_neighbors": 50,
    "amplification_factor": 1.0,
    "top_n": 10,
    "random_state": 42
  }
}