{
  "name": "SVD_KNN_EXPAND_109",
  "n_samples": 20000,
  "metrics": {
    "n_samples": 20000.0,
    "hit_rate": 0.67435,
    "precision": 0.067435,
    "recall": 0.67435,
    "mrr": 0.4950529563492063,
    "ndcg": 0.5378965962032409,
    "rmse": 0.9704345356580777,
    "mae": 0.8550433420797723
  },
  "time_records": {
    "載入資料": 5.932270526885986,
    "建立映射": 0.4599287509918213,
    "建立稀疏矩陣": 0.12139558792114258,
    "SVD 降維": 38.100385427474976,
    "訓練 KNN": 0.04122662544250488,
    "評估": 108.2313220500946
  },
  "peak_memory_mb": 3614.6953125,
  "config": {
    "data_limit": null,
    "min_item_ratings": 0,
    "use_timestamp": false,
    "use_item_bias": false,
    "use_svd": true,
    "n_components": 512,
    "use_time_decay": false,
    "half_life_days": 500,
    "use_tfidf": false,
    "k_neighbors": 40,
    "amplification_factor": 1.0,
    "top_n": 10,
    "random_state": 42
  }
}