{
  "name": "SVD_KNN_EXPAND_049",
  "n_samples": 20000,
  "metrics": {
    "n_samples": 20000.0,
    "hit_rate": 0.3821,
    "precision": 0.03821,
    "recall": 0.3821,
    "mrr": 0.18279295634920634,
    "ndcg": 0.229660449908695,
    "rmse": 1.1301268759743257,
    "mae": 1.0167002016534952
  },
  "time_records": {
    "載入資料": 5.85157322883606,
    "建立映射": 0.5028903484344482,
    "建立稀疏矩陣": 0.12067294120788574,
    "SVD 降維": 1.222675085067749,
    "訓練 KNN": 0.02282857894897461,
    "評估": 94.87838006019592
  },
  "peak_memory_mb": 2294.421875,
  "config": {
    "data_limit": null,
    "min_item_ratings": 0,
    "use_timestamp": false,
    "use_item_bias": false,
    "use_svd": true,
    "n_components": 4,
    "use_time_decay": false,
    "half_life_days": 500,
    "use_tfidf": false,
    "k_neighbors": 55,
    "amplification_factor": 1.0,
    "top_n": 10,
    "random_state": 42
  }
}