{
  "name": "SVD_KNN_EXPAND_033",
  "n_samples": 20000,
  "metrics": {
    "n_samples": 20000.0,
    "hit_rate": 0.6733,
    "precision": 0.06733,
    "recall": 0.6733,
    "mrr": 0.4842398809523809,
    "ndcg": 0.5294352301877782,
    "rmse": 0.946155267477654,
    "mae": 0.8447619706111525
  },
  "time_records": {
    "載入資料": 6.0875914096832275,
    "建立映射": 0.4582352638244629,
    "建立稀疏矩陣": 0.11867570877075195,
    "SVD 降維": 1453.2238276004791,
    "評估": 317.6358132362366
  },
  "peak_memory_mb": 13220.234375,
  "config": {
    "data_limit": null,
    "min_item_ratings": 0,
    "use_timestamp": false,
    "use_item_bias": false,
    "use_svd": true,
    "n_components": 8192,
    "use_time_decay": false,
    "half_life_days": 500,
    "use_tfidf": false,
    "k_neighbors": 65,
    "amplification_factor": 1.0,
    "top_n": 10,
    "random_state": 42
  }
}