{
  "name": "SVD_KNN_EXPAND_060",
  "n_samples": 20000,
  "metrics": {
    "n_samples": 20000.0,
    "hit_rate": 0.5005,
    "precision": 0.05005,
    "recall": 0.5005,
    "mrr": 0.2896204563492063,
    "ndcg": 0.33951393259477647,
    "rmse": 1.0512412677012526,
    "mae": 0.9383123864763296
  },
  "time_records": {
    "載入資料": 5.976508855819702,
    "建立映射": 0.5050981044769287,
    "建立稀疏矩陣": 0.11951112747192383,
    "SVD 降維": 1.3890135288238525,
    "訓練 KNN": 0.01957106590270996,
    "評估": 103.55771255493164
  },
  "peak_memory_mb": 2327.703125,
  "config": {
    "data_limit": null,
    "min_item_ratings": 0,
    "use_timestamp": false,
    "use_item_bias": false,
    "use_svd": true,
    "n_components": 8,
    "use_time_decay": false,
    "half_life_days": 500,
    "use_tfidf": false,
    "k_neighbors": 65,
    "amplification_factor": 1.0,
    "top_n": 10,
    "random_state": 42
  }
}