{
  "name": "SVD_KNN_GRID_058",
  "n_samples": 20000,
  "metrics": {
    "n_samples": 20000.0,
    "hit_rate": 0.6271,
    "precision": 0.06271,
    "recall": 0.6271,
    "mrr": 0.4490487301587302,
    "ndcg": 0.4915336065477688,
    "rmse": 0.9978234235152353,
    "mae": 0.8762635205540565
  },
  "time_records": {
    "載入資料": 5.818096160888672,
    "建立映射": 0.44397401809692383,
    "建立稀疏矩陣": 0.1205449104309082,
    "SVD 降維": 6.393779993057251,
    "訓練 KNN": 0.03827548027038574,
    "評估": 84.71991848945618
  },
  "peak_memory_mb": 2754.96875,
  "config": {
    "data_limit": null,
    "min_item_ratings": 0,
    "use_timestamp": false,
    "use_item_bias": false,
    "use_svd": true,
    "n_components": 64,
    "use_time_decay": false,
    "half_life_days": 500,
    "use_tfidf": false,
    "k_neighbors": 40,
    "amplification_factor": 1.0,
    "top_n": 10,
    "random_state": 42
  }
}