{
  "name": "SVD_KNN_GRID_061",
  "n_samples": 20000,
  "metrics": {
    "n_samples": 20000.0,
    "hit_rate": 0.6084,
    "precision": 0.060840000000000005,
    "recall": 0.6084,
    "mrr": 0.4205083531746032,
    "ndcg": 0.46531764286595834,
    "rmse": 1.0475000667257948,
    "mae": 0.8659442049201909
  },
  "time_records": {
    "載入資料": 5.681185483932495,
    "建立映射": 0.4485630989074707,
    "建立稀疏矩陣": 0.12210536003112793,
    "SVD 降維": 10.348636388778687,
    "訓練 KNN": 0.0367131233215332,
    "評估": 52.3262779712677
  },
  "peak_memory_mb": 2975.88671875,
  "config": {
    "data_limit": null,
    "min_item_ratings": 0,
    "use_timestamp": false,
    "use_item_bias": false,
    "use_svd": true,
    "n_components": 128,
    "use_time_decay": false,
    "half_life_days": 500,
    "use_tfidf": false,
    "k_neighbors": 5,
    "amplification_factor": 1.0,
    "top_n": 10,
    "random_state": 42
  }
}