{
  "name": "SVD_KNN_EXPAND_007",
  "n_samples": 20000,
  "metrics": {
    "n_samples": 20000.0,
    "hit_rate": 0.67445,
    "precision": 0.067445,
    "recall": 0.67445,
    "mrr": 0.48968125,
    "ndcg": 0.5338000521509951,
    "rmse": 0.956393423187614,
    "mae": 0.8553958886557579
  },
  "time_records": {
    "載入資料": 5.956849813461304,
    "建立映射": 0.48332834243774414,
    "建立稀疏矩陣": 0.1206502914428711,
    "SVD 降維": 88.93820929527283,
    "訓練 KNN": 0.05428481101989746,
    "評估": 150.39155435562134
  },
  "peak_memory_mb": 4068.19921875,
  "config": {
    "data_limit": null,
    "min_item_ratings": 0,
    "use_timestamp": false,
    "use_item_bias": false,
    "use_svd": true,
    "n_components": 1024,
    "use_time_decay": false,
    "half_life_days": 500,
    "use_tfidf": false,
    "k_neighbors": 70,
    "amplification_factor": 1.0,
    "top_n": 10,
    "random_state": 42
  }
}