{
  "name": "SVD_KNN_GRID_095",
  "n_samples": 20000,
  "metrics": {
    "n_samples": 20000.0,
    "hit_rate": 0.6728,
    "precision": 0.06727999999999999,
    "recall": 0.6728,
    "mrr": 0.48924073412698416,
    "ndcg": 0.533116997336653,
    "rmse": 0.966610830722149,
    "mae": 0.8472054519859472
  },
  "time_records": {
    "載入資料": 5.836756229400635,
    "建立映射": 0.44771742820739746,
    "建立稀疏矩陣": 0.12307405471801758,
    "SVD 降維": 93.97601413726807,
    "訓練 KNN": 0.05381298065185547,
    "評估": 99.60619783401489
  },
  "peak_memory_mb": 4517.79296875,
  "config": {
    "data_limit": null,
    "min_item_ratings": 0,
    "use_timestamp": false,
    "use_item_bias": false,
    "use_svd": true,
    "n_components": 1024,
    "use_time_decay": false,
    "half_life_days": 500,
    "use_tfidf": false,
    "k_neighbors": 25,
    "amplification_factor": 1.0,
    "top_n": 10,
    "random_state": 42
  }
}