{
  "name": "SVD_KNN_EXPAND_075",
  "n_samples": 20000,
  "metrics": {
    "n_samples": 20000.0,
    "hit_rate": 0.59445,
    "precision": 0.059445000000000005,
    "recall": 0.59445,
    "mrr": 0.39864523809523805,
    "ndcg": 0.4452439312103316,
    "rmse": 1.0058147323866444,
    "mae": 0.8899119878277972
  },
  "time_records": {
    "載入資料": 5.801960706710815,
    "建立映射": 0.5109474658966064,
    "建立稀疏矩陣": 0.12024521827697754,
    "SVD 降維": 3.4162209033966064,
    "評估": 92.79632687568665
  },
  "peak_memory_mb": 2377.8515625,
  "config": {
    "data_limit": null,
    "min_item_ratings": 0,
    "use_timestamp": false,
    "use_item_bias": false,
    "use_svd": true,
    "n_components": 32,
    "use_time_decay": false,
    "half_life_days": 500,
    "use_tfidf": false,
    "k_neighbors": 50,
    "amplification_factor": 1.0,
    "top_n": 10,
    "random_state": 42
  }
}