{
  "name": "SVD_KNN_EXPAND_023",
  "n_samples": 20000,
  "metrics": {
    "n_samples": 20000.0,
    "hit_rate": 0.67505,
    "precision": 0.06750500000000001,
    "recall": 0.67505,
    "mrr": 0.4843581746031746,
    "ndcg": 0.5299014934972567,
    "rmse": 0.9500218956863115,
    "mae": 0.8473365762935205
  },
  "time_records": {
    "載入資料": 6.0883049964904785,
    "建立映射": 0.48296618461608887,
    "建立稀疏矩陣": 0.1216588020324707,
    "SVD 降維": 569.7149934768677,
    "訓練 KNN": 0.12887310981750488,
    "評估": 215.20014023780823
  },
  "peak_memory_mb": 8010.79296875,
  "config": {
    "data_limit": null,
    "min_item_ratings": 0,
    "use_timestamp": false,
    "use_item_bias": false,
    "use_svd": true,
    "n_components": 4096,
    "use_time_decay": false,
    "half_life_days": 500,
    "use_tfidf": false,
    "k_neighbors": 60,
    "amplification_factor": 1.0,
    "top_n": 10,
    "random_state": 42
  }
}