{
  "name": "SVD_KNN_GRID_093",
  "n_samples": 20000,
  "metrics": {
    "n_samples": 20000.0,
    "hit_rate": 0.6669,
    "precision": 0.06669,
    "recall": 0.6669,
    "mrr": 0.47777869047619054,
    "ndcg": 0.5229455575470567,
    "rmse": 0.9791860395668796,
    "mae": 0.8463816407510881
  },
  "time_records": {
    "載入資料": 5.7348668575286865,
    "建立映射": 0.4508497714996338,
    "建立稀疏矩陣": 0.12281227111816406,
    "SVD 降維": 90.36116456985474,
    "訓練 KNN": 0.05433058738708496,
    "評估": 88.57082319259644
  },
  "peak_memory_mb": 4505.7109375,
  "config": {
    "data_limit": null,
    "min_item_ratings": 0,
    "use_timestamp": false,
    "use_item_bias": false,
    "use_svd": true,
    "n_components": 1024,
    "use_time_decay": false,
    "half_life_days": 500,
    "use_tfidf": false,
    "k_neighbors": 15,
    "amplification_factor": 1.0,
    "top_n": 10,
    "random_state": 42
  }
}