{
  "name": "SVD_KNN_EXPAND_026",
  "n_samples": 20000,
  "metrics": {
    "n_samples": 20000.0,
    "hit_rate": 0.6726,
    "precision": 0.06726,
    "recall": 0.6726,
    "mrr": 0.4845993055555556,
    "ndcg": 0.5295067563738949,
    "rmse": 0.9481784258514597,
    "mae": 0.8489708151784573
  },
  "time_records": {
    "載入資料": 5.98897910118103,
    "建立映射": 0.48459792137145996,
    "建立稀疏矩陣": 0.12060141563415527,
    "SVD 降維": 546.1312670707703,
    "評估": 235.91206240653992
  },
  "peak_memory_mb": 8021.5390625,
  "config": {
    "data_limit": null,
    "min_item_ratings": 0,
    "use_timestamp": false,
    "use_item_bias": false,
    "use_svd": true,
    "n_components": 4096,
    "use_time_decay": false,
    "half_life_days": 500,
    "use_tfidf": false,
    "k_neighbors": 75,
    "amplification_factor": 1.0,
    "top_n": 10,
    "random_state": 42
  }
}