{
  "name": "SVD_KNN_EXPAND_025",
  "n_samples": 20000,
  "metrics": {
    "n_samples": 20000.0,
    "hit_rate": 0.67255,
    "precision": 0.067255,
    "recall": 0.67255,
    "mrr": 0.48474103174603167,
    "ndcg": 0.5296129538730947,
    "rmse": 0.94864257060551,
    "mae": 0.8484441275075804
  },
  "time_records": {
    "載入資料": 5.864926815032959,
    "建立映射": 0.4854099750518799,
    "建立稀疏矩陣": 0.1197974681854248,
    "SVD 降維": 546.0433411598206,
    "訓練 KNN": 0.12565255165100098,
    "評估": 231.58846616744995
  },
  "peak_memory_mb": 8042.484375,
  "config": {
    "data_limit": null,
    "min_item_ratings": 0,
    "use_timestamp": false,
    "use_item_bias": false,
    "use_svd": true,
    "n_components": 4096,
    "use_time_decay": false,
    "half_life_days": 500,
    "use_tfidf": false,
    "k_neighbors": 70,
    "amplification_factor": 1.0,
    "top_n": 10,
    "random_state": 42
  }
}