{
  "name": "SVD_001",
  "n_samples": 500,
  "metrics": {
    "n_samples": 500.0,
    "hit_rate": 0.57,
    "precision": 0.056999999999999995,
    "recall": 0.57,
    "mrr": 0.3597055555555555,
    "ndcg": 0.4096170045445005,
    "rmse": 1.0397906861760846,
    "mae": 0.9174079575141323
  },
  "time_records": {
    "載入資料": 6.049568176269531,
    "建立映射": 0.5039594173431396,
    "建立稀疏矩陣": 0.12147641181945801,
    "SVD 降維": 2.736436605453491,
    "訓練 KNN": 0.026276826858520508,
    "評估": 1.7658543586730957
  },
  "peak_memory_mb": 2263.00390625
}