{
  "name": "SVD_KNN_EXPAND_089",
  "n_samples": 20000,
  "metrics": {
    "n_samples": 20000.0,
    "hit_rate": 0.62315,
    "precision": 0.062314999999999995,
    "recall": 0.62315,
    "mrr": 0.44401960317460315,
    "ndcg": 0.48665881963291197,
    "rmse": 0.992491408125278,
    "mae": 0.8811161884890076
  },
  "time_records": {
    "載入資料": 5.96569561958313,
    "建立映射": 0.5137438774108887,
    "建立稀疏矩陣": 0.12025284767150879,
    "SVD 降維": 5.309564828872681,
    "訓練 KNN": 0.03709769248962402,
    "評估": 119.68680191040039
  },
  "peak_memory_mb": 2500.6875,
  "config": {
    "data_limit": null,
    "min_item_ratings": 0,
    "use_timestamp": false,
    "use_item_bias": false,
    "use_svd": true,
    "n_components": 64,
    "use_time_decay": false,
    "half_life_days": 500,
    "use_tfidf": false,
    "k_neighbors": 75,
    "amplification_factor": 1.0,
    "top_n": 10,
    "random_state": 42
  }
}