{
  "name": "SVD_KNN_GRID_068",
  "n_samples": 20000,
  "metrics": {
    "n_samples": 20000.0,
    "hit_rate": 0.65725,
    "precision": 0.065725,
    "recall": 0.65725,
    "mrr": 0.4840589285714286,
    "ndcg": 0.5253800300237598,
    "rmse": 0.9830556365710073,
    "mae": 0.8628243962950713
  },
  "time_records": {
    "載入資料": 5.788075923919678,
    "建立映射": 0.4501206874847412,
    "建立稀疏矩陣": 0.11974310874938965,
    "SVD 降維": 10.240817785263062,
    "訓練 KNN": 0.03868460655212402,
    "評估": 87.72714304924011
  },
  "peak_memory_mb": 2989.96875,
  "config": {
    "data_limit": null,
    "min_item_ratings": 0,
    "use_timestamp": false,
    "use_item_bias": false,
    "use_svd": true,
    "n_components": 128,
    "use_time_decay": false,
    "half_life_days": 500,
    "use_tfidf": false,
    "k_neighbors": 40,
    "amplification_factor": 1.0,
    "top_n": 10,
    "random_state": 42
  }
}