{
  "name": "SVD_KNN_EXPAND_004",
  "n_samples": 20000,
  "metrics": {
    "n_samples": 20000.0,
    "hit_rate": 0.67675,
    "precision": 0.067675,
    "recall": 0.67675,
    "mrr": 0.49077440476190476,
    "ndcg": 0.5351560662561323,
    "rmse": 0.956734084865338,
    "mae": 0.8520550299902214
  },
  "time_records": {
    "載入資料": 5.807013988494873,
    "建立映射": 0.4827401638031006,
    "建立稀疏矩陣": 0.12007546424865723,
    "SVD 降維": 89.12483191490173,
    "訓練 KNN": 0.05393576622009277,
    "評估": 131.41922783851624
  },
  "peak_memory_mb": 4065.33203125,
  "config": {
    "data_limit": null,
    "min_item_ratings": 0,
    "use_timestamp": false,
    "use_item_bias": false,
    "use_svd": true,
    "n_components": 1024,
    "use_time_decay": false,
    "half_life_days": 500,
    "use_tfidf": false,
    "k_neighbors": 55,
    "amplification_factor": 1.0,
    "top_n": 10,
    "random_state": 42
  }
}