{
  "name": "SVD_KNN_EXPAND_084",
  "n_samples": 20000,
  "metrics": {
    "n_samples": 20000.0,
    "hit_rate": 0.6277,
    "precision": 0.06277,
    "recall": 0.6277,
    "mrr": 0.4478778174603174,
    "ndcg": 0.49069865234953414,
    "rmse": 0.9938759741673596,
    "mae": 0.8772032292115367
  },
  "time_records": {
    "載入資料": 5.795686960220337,
    "建立映射": 0.5167803764343262,
    "建立稀疏矩陣": 0.12435483932495117,
    "SVD 降維": 5.338057041168213,
    "評估": 95.09168720245361
  },
  "peak_memory_mb": 2490.796875,
  "config": {
    "data_limit": null,
    "min_item_ratings": 0,
    "use_timestamp": false,
    "use_item_bias": false,
    "use_svd": true,
    "n_components": 64,
    "use_time_decay": false,
    "half_life_days": 500,
    "use_tfidf": false,
    "k_neighbors": 50,
    "amplification_factor": 1.0,
    "top_n": 10,
    "random_state": 42
  }
}