{
  "name": "SVD_KNN_GRID_063",
  "n_samples": 20000,
  "metrics": {
    "n_samples": 20000.0,
    "hit_rate": 0.65145,
    "precision": 0.065145,
    "recall": 0.65145,
    "mrr": 0.47668777777777777,
    "ndcg": 0.5183994346117206,
    "rmse": 1.0016222764788423,
    "mae": 0.8606245824836251
  },
  "time_records": {
    "載入資料": 5.9349470138549805,
    "建立映射": 0.4497530460357666,
    "建立稀疏矩陣": 0.12090516090393066,
    "SVD 降維": 10.496765851974487,
    "評估": 62.27794861793518
  },
  "peak_memory_mb": 2978.44140625,
  "config": {
    "data_limit": null,
    "min_item_ratings": 0,
    "use_timestamp": false,
    "use_item_bias": false,
    "use_svd": true,
    "n_components": 128,
    "use_time_decay": false,
    "half_life_days": 500,
    "use_tfidf": false,
    "k_neighbors": 15,
    "amplification_factor": 1.0,
    "top_n": 10,
    "random_state": 42
  }
}