{
  "name": "SVD_KNN_EXPAND_038",
  "n_samples": 20000,
  "metrics": {
    "n_samples": 20000.0,
    "hit_rate": 0.31,
    "precision": 0.031,
    "recall": 0.31,
    "mrr": 0.13415930555555555,
    "ndcg": 0.17512943999164268,
    "rmse": 1.188379414797572,
    "mae": 1.067087380995073
  },
  "time_records": {
    "載入資料": 5.859184503555298,
    "建立映射": 0.49419403076171875,
    "建立稀疏矩陣": 0.12218689918518066,
    "SVD 降維": 1.0326478481292725,
    "訓練 KNN": 0.0205843448638916,
    "評估": 71.85994672775269
  },
  "peak_memory_mb": 2263.7421875,
  "config": {
    "data_limit": null,
    "min_item_ratings": 0,
    "use_timestamp": false,
    "use_item_bias": false,
    "use_svd": true,
    "n_components": 2,
    "use_time_decay": false,
    "half_life_days": 500,
    "use_tfidf": false,
    "k_neighbors": 45,
    "amplification_factor": 1.0,
    "top_n": 10,
    "random_state": 42
  }
}