{
  "name": "SVD_KNN_GRID_074",
  "n_samples": 20000,
  "metrics": {
    "n_samples": 20000.0,
    "hit_rate": 0.6679,
    "precision": 0.06679,
    "recall": 0.6679,
    "mrr": 0.4921185119047619,
    "ndcg": 0.5340998704424086,
    "rmse": 0.9835244492775146,
    "mae": 0.8524687824558809
  },
  "time_records": {
    "載入資料": 5.694176912307739,
    "建立映射": 0.449937105178833,
    "建立稀疏矩陣": 0.12044453620910645,
    "SVD 降維": 21.319461345672607,
    "訓練 KNN": 0.035364627838134766,
    "評估": 69.17859816551208
  },
  "peak_memory_mb": 3307.7578125,
  "config": {
    "data_limit": null,
    "min_item_ratings": 0,
    "use_timestamp": false,
    "use_item_bias": false,
    "use_svd": true,
    "n_components": 256,
    "use_time_decay": false,
    "half_life_days": 500,
    "use_tfidf": false,
    "k_neighbors": 20,
    "amplification_factor": 1.0,
    "top_n": 10,
    "random_state": 42
  }
}