{
  "name": "SVD_KNN_EXPAND_097",
  "n_samples": 20000,
  "metrics": {
    "n_samples": 20000.0,
    "hit_rate": 0.654,
    "precision": 0.0654,
    "recall": 0.654,
    "mrr": 0.4814884722222223,
    "ndcg": 0.5226279458992794,
    "rmse": 0.9820811821250464,
    "mae": 0.8706739085840258
  },
  "time_records": {
    "載入資料": 5.918434143066406,
    "建立映射": 0.5054349899291992,
    "建立稀疏矩陣": 0.12023735046386719,
    "SVD 降維": 10.265685081481934,
    "訓練 KNN": 0.03302741050720215,
    "評估": 118.10086917877197
  },
  "peak_memory_mb": 2762.5234375,
  "config": {
    "data_limit": null,
    "min_item_ratings": 0,
    "use_timestamp": false,
    "use_item_bias": false,
    "use_svd": true,
    "n_components": 128,
    "use_time_decay": false,
    "half_life_days": 500,
    "use_tfidf": false,
    "k_neighbors": 70,
    "amplification_factor": 1.0,
    "top_n": 10,
    "random_state": 42
  }
}