{
  "name": "SVD_KNN_EXPAND_046",
  "n_samples": 20000,
  "metrics": {
    "n_samples": 20000.0,
    "hit_rate": 0.3783,
    "precision": 0.03783,
    "recall": 0.3783,
    "mrr": 0.1782189880952381,
    "ndcg": 0.22519368400047557,
    "rmse": 1.1429279233627794,
    "mae": 1.0196961955648391
  },
  "time_records": {
    "載入資料": 5.938852787017822,
    "建立映射": 0.5040683746337891,
    "建立稀疏矩陣": 0.11960196495056152,
    "SVD 降維": 1.0904881954193115,
    "訓練 KNN": 0.020084857940673828,
    "評估": 81.8083975315094
  },
  "peak_memory_mb": 2265.859375,
  "config": {
    "data_limit": null,
    "min_item_ratings": 0,
    "use_timestamp": false,
    "use_item_bias": false,
    "use_svd": true,
    "n_components": 4,
    "use_time_decay": false,
    "half_life_days": 500,
    "use_tfidf": false,
    "k_neighbors": 40,
    "amplification_factor": 1.0,
    "top_n": 10,
    "random_state": 42
  }
}