{
  "name": "SVD_KNN_EXPAND_090",
  "n_samples": 20000,
  "metrics": {
    "n_samples": 20000.0,
    "hit_rate": 0.6238,
    "precision": 0.062380000000000005,
    "recall": 0.6238,
    "mrr": 0.4433746626984127,
    "ndcg": 0.4862836689971102,
    "rmse": 0.9919294075665571,
    "mae": 0.8816581245443685
  },
  "time_records": {
    "載入資料": 5.802722215652466,
    "建立映射": 0.5112409591674805,
    "建立稀疏矩陣": 0.1197824478149414,
    "SVD 降維": 5.43491005897522,
    "評估": 125.77160906791687
  },
  "peak_memory_mb": 2500.66796875,
  "config": {
    "data_limit": null,
    "min_item_ratings": 0,
    "use_timestamp": false,
    "use_item_bias": false,
    "use_svd": true,
    "n_components": 64,
    "use_time_decay": false,
    "half_life_days": 500,
    "use_tfidf": false,
    "k_neighbors": 80,
    "amplification_factor": 1.0,
    "top_n": 10,
    "random_state": 42
  }
}