{
  "name": "SVD_KNN_EXPAND_010",
  "n_samples": 20000,
  "metrics": {
    "n_samples": 20000.0,
    "hit_rate": 0.67635,
    "precision": 0.067635,
    "recall": 0.67635,
    "mrr": 0.4877053373015873,
    "ndcg": 0.5328089440199486,
    "rmse": 0.9547594990551987,
    "mae": 0.8458096411132078
  },
  "time_records": {
    "載入資料": 5.808264255523682,
    "建立映射": 0.4823801517486572,
    "建立稀疏矩陣": 0.11961698532104492,
    "SVD 降維": 226.41827368736267,
    "評估": 151.5149405002594
  },
  "peak_memory_mb": 5385.390625,
  "config": {
    "data_limit": null,
    "min_item_ratings": 0,
    "use_timestamp": false,
    "use_item_bias": false,
    "use_svd": true,
    "n_components": 2048,
    "use_time_decay": false,
    "half_life_days": 500,
    "use_tfidf": false,
    "k_neighbors": 40,
    "amplification_factor": 1.0,
    "top_n": 10,
    "random_state": 42
  }
}