{
  "name": "SVD_KNN_GRID_044",
  "n_samples": 20000,
  "metrics": {
    "n_samples": 20000.0,
    "hit_rate": 0.59145,
    "precision": 0.059145,
    "recall": 0.59145,
    "mrr": 0.3932530158730158,
    "ndcg": 0.4404512748472758,
    "rmse": 1.0245700512774485,
    "mae": 0.8869267817525317
  },
  "time_records": {
    "載入資料": 5.827252626419067,
    "建立映射": 0.44521427154541016,
    "建立稀疏矩陣": 0.12171745300292969,
    "SVD 降維": 3.6642701625823975,
    "評估": 64.07940244674683
  },
  "peak_memory_mb": 2663.97265625,
  "config": {
    "data_limit": null,
    "min_item_ratings": 0,
    "use_timestamp": false,
    "use_item_bias": false,
    "use_svd": true,
    "n_components": 32,
    "use_time_decay": false,
    "half_life_days": 500,
    "use_tfidf": false,
    "k_neighbors": 20,
    "amplification_factor": 1.0,
    "top_n": 10,
    "random_state": 42
  }
}