{
  "name": "SVD_KNN_EXPAND_083",
  "n_samples": 20000,
  "metrics": {
    "n_samples": 20000.0,
    "hit_rate": 0.62825,
    "precision": 0.06282499999999999,
    "recall": 0.62825,
    "mrr": 0.44887632936507926,
    "ndcg": 0.49161933017489234,
    "rmse": 0.9952549398074921,
    "mae": 0.8765134789293927
  },
  "time_records": {
    "載入資料": 5.935215950012207,
    "建立映射": 0.5080163478851318,
    "建立稀疏矩陣": 0.11944413185119629,
    "SVD 降維": 5.748016119003296,
    "訓練 KNN": 0.035898685455322266,
    "評估": 90.70050263404846
  },
  "peak_memory_mb": 2490.7578125,
  "config": {
    "data_limit": null,
    "min_item_ratings": 0,
    "use_timestamp": false,
    "use_item_bias": false,
    "use_svd": true,
    "n_components": 64,
    "use_time_decay": false,
    "half_life_days": 500,
    "use_tfidf": false,
    "k_neighbors": 45,
    "amplification_factor": 1.0,
    "top_n": 10,
    "random_state": 42
  }
}