{
  "name": "SVD_KNN_GRID_066",
  "n_samples": 20000,
  "metrics": {
    "n_samples": 20000.0,
    "hit_rate": 0.657,
    "precision": 0.06570000000000001,
    "recall": 0.657,
    "mrr": 0.4840468253968254,
    "ndcg": 0.525356942211045,
    "rmse": 0.9870066049589494,
    "mae": 0.8610610410454875
  },
  "time_records": {
    "載入資料": 5.94207501411438,
    "建立映射": 0.4501361846923828,
    "建立稀疏矩陣": 0.12173104286193848,
    "SVD 降維": 10.3805251121521,
    "評估": 77.25747275352478
  },
  "peak_memory_mb": 2988.89453125,
  "config": {
    "data_limit": null,
    "min_item_ratings": 0,
    "use_timestamp": false,
    "use_item_bias": false,
    "use_svd": true,
    "n_components": 128,
    "use_time_decay": false,
    "half_life_days": 500,
    "use_tfidf": false,
    "k_neighbors": 30,
    "amplification_factor": 1.0,
    "top_n": 10,
    "random_state": 42
  }
}