{
  "name": "SVD_KNN_GRID_084",
  "n_samples": 20000,
  "metrics": {
    "n_samples": 20000.0,
    "hit_rate": 0.6715,
    "precision": 0.06715,
    "recall": 0.6715,
    "mrr": 0.4904296031746032,
    "ndcg": 0.5336910867597248,
    "rmse": 0.9794925808522813,
    "mae": 0.8508653880786516
  },
  "time_records": {
    "載入資料": 5.83267617225647,
    "建立映射": 0.44762110710144043,
    "建立稀疏矩陣": 0.12117624282836914,
    "SVD 降維": 39.23233675956726,
    "評估": 77.22238254547119
  },
  "peak_memory_mb": 3735.27734375,
  "config": {
    "data_limit": null,
    "min_item_ratings": 0,
    "use_timestamp": false,
    "use_item_bias": false,
    "use_svd": true,
    "n_components": 512,
    "use_time_decay": false,
    "half_life_days": 500,
    "use_tfidf": false,
    "k_neighbors": 20,
    "amplification_factor": 1.0,
    "top_n": 10,
    "random_state": 42
  }
}