{
  "name": "SVD_KNN_GRID_022",
  "n_samples": 20000,
  "metrics": {
    "n_samples": 20000.0,
    "hit_rate": 0.448,
    "precision": 0.0448,
    "recall": 0.448,
    "mrr": 0.24468843253968253,
    "ndcg": 0.2926669445802063,
    "rmse": 1.1211149405578271,
    "mae": 0.9573392743381117
  },
  "time_records": {
    "載入資料": 5.906307697296143,
    "建立映射": 0.45093798637390137,
    "建立稀疏矩陣": 0.11947345733642578,
    "SVD 降維": 1.27699613571167,
    "評估": 52.62269473075867
  },
  "peak_memory_mb": 2570.03515625,
  "config": {
    "data_limit": null,
    "min_item_ratings": 0,
    "use_timestamp": false,
    "use_item_bias": false,
    "use_svd": true,
    "n_components": 8,
    "use_time_decay": false,
    "half_life_days": 500,
    "use_tfidf": false,
    "k_neighbors": 10,
    "amplification_factor": 1.0,
    "top_n": 10,
    "random_state": 42
  }
}