{
  "name": "SVD_KNN_GRID_036",
  "n_samples": 20000,
  "metrics": {
    "n_samples": 20000.0,
    "hit_rate": 0.5492,
    "precision": 0.054920000000000004,
    "recall": 0.5492,
    "mrr": 0.3372687103174603,
    "ndcg": 0.38765800584297155,
    "rmse": 1.0381997800204992,
    "mae": 0.9112255774076969
  },
  "time_records": {
    "載入資料": 5.84632134437561,
    "建立映射": 0.4459996223449707,
    "建立稀疏矩陣": 0.12082719802856445,
    "SVD 降維": 1.8244738578796387,
    "評估": 72.31917524337769
  },
  "peak_memory_mb": 2631.90625,
  "config": {
    "data_limit": null,
    "min_item_ratings": 0,
    "use_timestamp": false,
    "use_item_bias": false,
    "use_svd": true,
    "n_components": 16,
    "use_time_decay": false,
    "half_life_days": 500,
    "use_tfidf": false,
    "k_neighbors": 30,
    "amplification_factor": 1.0,
    "top_n": 10,
    "random_state": 42
  }
}