{
  "name": "SVD_KNN_GRID_087",
  "n_samples": 20000,
  "metrics": {
    "n_samples": 20000.0,
    "hit_rate": 0.6754,
    "precision": 0.06754,
    "recall": 0.6754,
    "mrr": 0.49588039682539686,
    "ndcg": 0.5387468605006519,
    "rmse": 0.9701011799844109,
    "mae": 0.852970865967427
  },
  "time_records": {
    "載入資料": 5.754675388336182,
    "建立映射": 0.4456636905670166,
    "建立稀疏矩陣": 0.12115120887756348,
    "SVD 降維": 38.04777789115906,
    "訓練 KNN": 0.04177403450012207,
    "評估": 96.24070715904236
  },
  "peak_memory_mb": 3734.40234375,
  "config": {
    "data_limit": null,
    "min_item_ratings": 0,
    "use_timestamp": false,
    "use_item_bias": false,
    "use_svd": true,
    "n_components": 512,
    "use_time_decay": false,
    "half_life_days": 500,
    "use_tfidf": false,
    "k_neighbors": 35,
    "amplification_factor": 1.0,
    "top_n": 10,
    "random_state": 42
  }
}