{
  "name": "SVD_KNN_GRID_020",
  "n_samples": 20000,
  "metrics": {
    "n_samples": 20000.0,
    "hit_rate": 0.3821,
    "precision": 0.03821,
    "recall": 0.3821,
    "mrr": 0.18113757936507938,
    "ndcg": 0.22830987588426077,
    "rmse": 1.1341239272625618,
    "mae": 1.017942423170725
  },
  "time_records": {
    "載入資料": 5.729271411895752,
    "建立映射": 0.44982290267944336,
    "建立稀疏矩陣": 0.1205601692199707,
    "SVD 降維": 0.9972212314605713,
    "評估": 90.64185857772827
  },
  "peak_memory_mb": 2583.65625,
  "config": {
    "data_limit": null,
    "min_item_ratings": 0,
    "use_timestamp": false,
    "use_item_bias": false,
    "use_svd": true,
    "n_components": 4,
    "use_time_decay": false,
    "half_life_days": 500,
    "use_tfidf": false,
    "k_neighbors": 50,
    "amplification_factor": 1.0,
    "top_n": 10,
    "random_state": 42
  }
}