{
  "name": "SVD_KNN_GRID_039",
  "n_samples": 20000,
  "metrics": {
    "n_samples": 20000.0,
    "hit_rate": 0.5556,
    "precision": 0.05556,
    "recall": 0.5556,
    "mrr": 0.34124323412698415,
    "ndcg": 0.3921640265012504,
    "rmse": 1.0256027158190353,
    "mae": 0.9094556915952926
  },
  "time_records": {
    "載入資料": 5.846311807632446,
    "建立映射": 0.44693470001220703,
    "建立稀疏矩陣": 0.1217951774597168,
    "SVD 降維": 2.0830600261688232,
    "評估": 86.52102732658386
  },
  "peak_memory_mb": 2631.91796875,
  "config": {
    "data_limit": null,
    "min_item_ratings": 0,
    "use_timestamp": false,
    "use_item_bias": false,
    "use_svd": true,
    "n_components": 16,
    "use_time_decay": false,
    "half_life_days": 500,
    "use_tfidf": false,
    "k_neighbors": 45,
    "amplification_factor": 1.0,
    "top_n": 10,
    "random_state": 42
  }
}