{
  "name": "SVD_KNN_GRID_067",
  "n_samples": 20000,
  "metrics": {
    "n_samples": 20000.0,
    "hit_rate": 0.6568,
    "precision": 0.06568,
    "recall": 0.6568,
    "mrr": 0.4849232142857142,
    "ndcg": 0.5259697001557971,
    "rmse": 0.9864385168305035,
    "mae": 0.8629023723787824
  },
  "time_records": {
    "載入資料": 5.72789192199707,
    "建立映射": 0.44707727432250977,
    "建立稀疏矩陣": 0.12216448783874512,
    "SVD 降維": 10.70912480354309,
    "評估": 82.63573598861694
  },
  "peak_memory_mb": 2989.5625,
  "config": {
    "data_limit": null,
    "min_item_ratings": 0,
    "use_timestamp": false,
    "use_item_bias": false,
    "use_svd": true,
    "n_components": 128,
    "use_time_decay": false,
    "half_life_days": 500,
    "use_tfidf": false,
    "k_neighbors": 35,
    "amplification_factor": 1.0,
    "top_n": 10,
    "random_state": 42
  }
}