{
  "name": "SVD_KNN_GRID_096",
  "n_samples": 20000,
  "metrics": {
    "n_samples": 20000.0,
    "hit_rate": 0.6753,
    "precision": 0.06753,
    "recall": 0.6753,
    "mrr": 0.4903580357142857,
    "ndcg": 0.5345589539787221,
    "rmse": 0.9647023472066923,
    "mae": 0.8483069401390576
  },
  "time_records": {
    "載入資料": 5.843749761581421,
    "建立映射": 0.44762706756591797,
    "建立稀疏矩陣": 0.12078475952148438,
    "SVD 降維": 88.80346894264221,
    "評估": 108.76360154151917
  },
  "peak_memory_mb": 4523.6875,
  "config": {
    "data_limit": null,
    "min_item_ratings": 0,
    "use_timestamp": false,
    "use_item_bias": false,
    "use_svd": true,
    "n_components": 1024,
    "use_time_decay": false,
    "half_life_days": 500,
    "use_tfidf": false,
    "k_neighbors": 30,
    "amplification_factor": 1.0,
    "top_n": 10,
    "random_state": 42
  }
}