{
  "name": "SVD_KNN_GRID_079",
  "n_samples": 20000,
  "metrics": {
    "n_samples": 20000.0,
    "hit_rate": 0.6677,
    "precision": 0.06677,
    "recall": 0.6677,
    "mrr": 0.496940257936508,
    "ndcg": 0.5377113078649511,
    "rmse": 0.9758707508019157,
    "mae": 0.8603088631812178
  },
  "time_records": {
    "載入資料": 5.73414158821106,
    "建立映射": 0.44939422607421875,
    "建立稀疏矩陣": 0.1225118637084961,
    "SVD 降維": 19.838146686553955,
    "訓練 KNN": 0.035738468170166016,
    "評估": 94.35697317123413
  },
  "peak_memory_mb": 3316.625,
  "config": {
    "data_limit": null,
    "min_item_ratings": 0,
    "use_timestamp": false,
    "use_item_bias": false,
    "use_svd": true,
    "n_components": 256,
    "use_time_decay": false,
    "half_life_days": 500,
    "use_tfidf": false,
    "k_neighbors": 45,
    "amplification_factor": 1.0,
    "top_n": 10,
    "random_state": 42
  }
}