{
  "name": "SVD_KNN_GRID_023",
  "n_samples": 20000,
  "metrics": {
    "n_samples": 20000.0,
    "hit_rate": 0.46845,
    "precision": 0.046845,
    "recall": 0.46845,
    "mrr": 0.26065932539682535,
    "ndcg": 0.3098266885260414,
    "rmse": 1.101567085345346,
    "mae": 0.9509597127930428
  },
  "time_records": {
    "載入資料": 5.810516119003296,
    "建立映射": 0.4509737491607666,
    "建立稀疏矩陣": 0.12613701820373535,
    "SVD 降維": 1.2917039394378662,
    "評估": 56.36784291267395
  },
  "peak_memory_mb": 2569.05078125,
  "config": {
    "data_limit": null,
    "min_item_ratings": 0,
    "use_timestamp": false,
    "use_item_bias": false,
    "use_svd": true,
    "n_components": 8,
    "use_time_decay": false,
    "half_life_days": 500,
    "use_tfidf": false,
    "k_neighbors": 15,
    "amplification_factor": 1.0,
    "top_n": 10,
    "random_state": 42
  }
}