{
  "name": "SVD_KNN_GRID_032",
  "n_samples": 20000,
  "metrics": {
    "n_samples": 20000.0,
    "hit_rate": 0.5216,
    "precision": 0.05216,
    "recall": 0.5216,
    "mrr": 0.30791999999999997,
    "ndcg": 0.3586267461151507,
    "rmse": 1.0729128846315823,
    "mae": 0.9144247145923626
  },
  "time_records": {
    "載入資料": 5.927059650421143,
    "建立映射": 0.447568416595459,
    "建立稀疏矩陣": 0.1207423210144043,
    "SVD 降維": 1.8602845668792725,
    "評估": 52.20157766342163
  },
  "peak_memory_mb": 2631.91796875,
  "config": {
    "data_limit": null,
    "min_item_ratings": 0,
    "use_timestamp": false,
    "use_item_bias": false,
    "use_svd": true,
    "n_components": 16,
    "use_time_decay": false,
    "half_life_days": 500,
    "use_tfidf": false,
    "k_neighbors": 10,
    "amplification_factor": 1.0,
    "top_n": 10,
    "random_state": 42
  }
}