{
  "name": "SVD_KNN_EXPAND_077",
  "n_samples": 20000,
  "metrics": {
    "n_samples": 20000.0,
    "hit_rate": 0.59365,
    "precision": 0.059365,
    "recall": 0.59365,
    "mrr": 0.39786343253968254,
    "ndcg": 0.4444717907676188,
    "rmse": 1.0031032035299885,
    "mae": 0.8905211560589199
  },
  "time_records": {
    "載入資料": 5.790428400039673,
    "建立映射": 0.5132448673248291,
    "建立稀疏矩陣": 0.12017583847045898,
    "SVD 降維": 3.331214427947998,
    "訓練 KNN": 0.029761075973510742,
    "評估": 103.89876079559326
  },
  "peak_memory_mb": 2378.48828125,
  "config": {
    "data_limit": null,
    "min_item_ratings": 0,
    "use_timestamp": false,
    "use_item_bias": false,
    "use_svd": true,
    "n_components": 32,
    "use_time_decay": false,
    "half_life_days": 500,
    "use_tfidf": false,
    "k_neighbors": 60,
    "amplification_factor": 1.0,
    "top_n": 10,
    "random_state": 42
  }
}