{
  "name": "SVD_KNN_GRID_053",
  "n_samples": 20000,
  "metrics": {
    "n_samples": 20000.0,
    "hit_rate": 0.623,
    "precision": 0.0623,
    "recall": 0.623,
    "mrr": 0.4385646428571429,
    "ndcg": 0.48252243130092154,
    "rmse": 1.0186888845956634,
    "mae": 0.8727124459995265
  },
  "time_records": {
    "載入資料": 5.768000602722168,
    "建立映射": 0.4468994140625,
    "建立稀疏矩陣": 0.1210014820098877,
    "SVD 降維": 5.182333469390869,
    "訓練 KNN": 0.03577613830566406,
    "評估": 61.150562047958374
  },
  "peak_memory_mb": 2750.96875,
  "config": {
    "data_limit": null,
    "min_item_ratings": 0,
    "use_timestamp": false,
    "use_item_bias": false,
    "use_svd": true,
    "n_components": 64,
    "use_time_decay": false,
    "half_life_days": 500,
    "use_tfidf": false,
    "k_neighbors": 15,
    "amplification_factor": 1.0,
    "top_n": 10,
    "random_state": 42
  }
}