{
  "name": "SVD_KNN_GRID_007",
  "n_samples": 20000,
  "metrics": {
    "n_samples": 20000.0,
    "hit_rate": 0.30005,
    "precision": 0.030004999999999997,
    "recall": 0.30005,
    "mrr": 0.12976902777777777,
    "ndcg": 0.16949308683577952,
    "rmse": 1.1976957092999978,
    "mae": 1.0685047535524828
  },
  "time_records": {
    "載入資料": 5.746578931808472,
    "建立映射": 0.4493598937988281,
    "建立稀疏矩陣": 0.1209561824798584,
    "SVD 降維": 0.8906285762786865,
    "訓練 KNN": 0.022626876831054688,
    "評估": 62.43341660499573
  },
  "peak_memory_mb": 2570.18359375,
  "config": {
    "data_limit": null,
    "min_item_ratings": 0,
    "use_timestamp": false,
    "use_item_bias": false,
    "use_svd": true,
    "n_components": 2,
    "use_time_decay": false,
    "half_life_days": 500,
    "use_tfidf": false,
    "k_neighbors": 35,
    "amplification_factor": 1.0,
    "top_n": 10,
    "random_state": 42
  }
}