{
  "name": "SVD_KNN_EXPAND_095",
  "n_samples": 20000,
  "metrics": {
    "n_samples": 20000.0,
    "hit_rate": 0.65495,
    "precision": 0.065495,
    "recall": 0.65495,
    "mrr": 0.48358748015873027,
    "ndcg": 0.5244427672679774,
    "rmse": 0.9813614901408207,
    "mae": 0.8681963751885577
  },
  "time_records": {
    "載入資料": 6.057432413101196,
    "建立映射": 0.5064377784729004,
    "建立稀疏矩陣": 0.12105751037597656,
    "SVD 降維": 10.780680179595947,
    "訓練 KNN": 0.03574013710021973,
    "評估": 107.42193984985352
  },
  "peak_memory_mb": 2762.10546875,
  "config": {
    "data_limit": null,
    "min_item_ratings": 0,
    "use_timestamp": false,
    "use_item_bias": false,
    "use_svd": true,
    "n_components": 128,
    "use_time_decay": false,
    "half_life_days": 500,
    "use_tfidf": false,
    "k_neighbors": 60,
    "amplification_factor": 1.0,
    "top_n": 10,
    "random_state": 42
  }
}