{
  "name": "SVD_KNN_GRID_005",
  "n_samples": 20000,
  "metrics": {
    "n_samples": 20000.0,
    "hit_rate": 0.28975,
    "precision": 0.028975,
    "recall": 0.28975,
    "mrr": 0.1251175396825397,
    "ndcg": 0.16343980710295425,
    "rmse": 1.210518635743317,
    "mae": 1.0703161647216006
  },
  "time_records": {
    "載入資料": 5.7730817794799805,
    "建立映射": 0.45178842544555664,
    "建立稀疏矩陣": 0.12181901931762695,
    "SVD 降維": 0.8994357585906982,
    "評估": 52.85421180725098
  },
  "peak_memory_mb": 2571.16796875,
  "config": {
    "data_limit": null,
    "min_item_ratings": 0,
    "use_timestamp": false,
    "use_item_bias": false,
    "use_svd": true,
    "n_components": 2,
    "use_time_decay": false,
    "half_life_days": 500,
    "use_tfidf": false,
    "k_neighbors": 25,
    "amplification_factor": 1.0,
    "top_n": 10,
    "random_state": 42
  }
}