{
  "name": "SVD_KNN_EXPAND_115",
  "n_samples": 20000,
  "metrics": {
    "n_samples": 20000.0,
    "hit_rate": 0.6715,
    "precision": 0.06715,
    "recall": 0.6715,
    "mrr": 0.4937788293650794,
    "ndcg": 0.5362340235725116,
    "rmse": 0.9649563206808992,
    "mae": 0.8601373422755252
  },
  "time_records": {
    "載入資料": 7.477547645568848,
    "建立映射": 0.5007562637329102,
    "建立稀疏矩陣": 0.17537569999694824,
    "SVD 降維": 56.01299023628235,
    "訓練 KNN": 0.045289039611816406,
    "評估": 152.54482340812683
  },
  "peak_memory_mb": 3670.26171875,
  "config": {
    "data_limit": null,
    "min_item_ratings": 0,
    "use_timestamp": false,
    "use_item_bias": false,
    "use_svd": true,
    "n_components": 512,
    "use_time_decay": false,
    "half_life_days": 500,
    "use_tfidf": false,
    "k_neighbors": 70,
    "amplification_factor": 1.0,
    "top_n": 10,
    "random_state": 42
  }
}