{
  "name": "SVD_KNN_GRID_054",
  "n_samples": 20000,
  "metrics": {
    "n_samples": 20000.0,
    "hit_rate": 0.6259,
    "precision": 0.06259,
    "recall": 0.6259,
    "mrr": 0.4449091071428571,
    "ndcg": 0.48800731902525474,
    "rmse": 1.0127576394428388,
    "mae": 0.8729711819058074
  },
  "time_records": {
    "載入資料": 5.918174982070923,
    "建立映射": 0.4459807872772217,
    "建立稀疏矩陣": 0.12058568000793457,
    "SVD 降維": 5.177582263946533,
    "評估": 66.05470204353333
  },
  "peak_memory_mb": 2753.375,
  "config": {
    "data_limit": null,
    "min_item_ratings": 0,
    "use_timestamp": false,
    "use_item_bias": false,
    "use_svd": true,
    "n_components": 64,
    "use_time_decay": false,
    "half_life_days": 500,
    "use_tfidf": false,
    "k_neighbors": 20,
    "amplification_factor": 1.0,
    "top_n": 10,
    "random_state": 42
  }
}