{
  "name": "SVD_KNN_GRID_002",
  "n_samples": 20000,
  "metrics": {
    "n_samples": 20000.0,
    "hit_rate": 0.2363,
    "precision": 0.02363,
    "recall": 0.2363,
    "mrr": 0.10190305555555555,
    "ndcg": 0.1331700169159385,
    "rmse": 1.270435871246156,
    "mae": 1.0924738873049014
  },
  "time_records": {
    "載入資料": 5.764811038970947,
    "建立映射": 0.4487581253051758,
    "建立稀疏矩陣": 0.12088489532470703,
    "SVD 降維": 0.8834414482116699,
    "評估": 37.76799201965332
  },
  "peak_memory_mb": 2583.5625,
  "config": {
    "data_limit": null,
    "min_item_ratings": 0,
    "use_timestamp": false,
    "use_item_bias": false,
    "use_svd": true,
    "n_components": 2,
    "use_time_decay": false,
    "half_life_days": 500,
    "use_tfidf": false,
    "k_neighbors": 10,
    "amplification_factor": 1.0,
    "top_n": 10,
    "random_state": 42
  }
}