{
  "name": "SVD_KNN_EXPAND_035",
  "n_samples": 20000,
  "metrics": {
    "n_samples": 20000.0,
    "hit_rate": 0.67235,
    "precision": 0.067235,
    "recall": 0.67235,
    "mrr": 0.4839666666666667,
    "ndcg": 0.5289695949780725,
    "rmse": 0.9467809199639472,
    "mae": 0.8469360810289952
  },
  "time_records": {
    "載入資料": 6.1354358196258545,
    "建立映射": 0.4732520580291748,
    "建立稀疏矩陣": 0.11984825134277344,
    "SVD 降維": 1366.1125671863556,
    "評估": 315.8621723651886
  },
  "peak_memory_mb": 13226.5703125,
  "config": {
    "data_limit": null,
    "min_item_ratings": 0,
    "use_timestamp": false,
    "use_item_bias": false,
    "use_svd": true,
    "n_components": 8192,
    "use_time_decay": false,
    "half_life_days": 500,
    "use_tfidf": false,
    "k_neighbors": 75,
    "amplification_factor": 1.0,
    "top_n": 10,
    "random_state": 42
  }
}