{
  "name": "SVD_KNN_EXPAND_053",
  "n_samples": 20000,
  "metrics": {
    "n_samples": 20000.0,
    "hit_rate": 0.38685,
    "precision": 0.038685000000000004,
    "recall": 0.38685,
    "mrr": 0.18523819444444445,
    "ndcg": 0.23258865817223923,
    "rmse": 1.1200802630529885,
    "mae": 1.0137137495155413
  },
  "time_records": {
    "載入資料": 5.825960636138916,
    "建立映射": 0.5002901554107666,
    "建立稀疏矩陣": 0.11942553520202637,
    "SVD 降維": 1.080315351486206,
    "訓練 KNN": 0.022480010986328125,
    "評估": 112.71218609809875
  },
  "peak_memory_mb": 2295.90625,
  "config": {
    "data_limit": null,
    "min_item_ratings": 0,
    "use_timestamp": false,
    "use_item_bias": false,
    "use_svd": true,
    "n_components": 4,
    "use_time_decay": false,
    "half_life_days": 500,
    "use_tfidf": false,
    "k_neighbors": 75,
    "amplification_factor": 1.0,
    "top_n": 10,
    "random_state": 42
  }
}