{
  "name": "SVD_KNN_EXPAND_117",
  "n_samples": 20000,
  "metrics": {
    "n_samples": 20000.0,
    "hit_rate": 0.66985,
    "precision": 0.06698499999999999,
    "recall": 0.66985,
    "mrr": 0.4914064484126984,
    "ndcg": 0.5340653696421659,
    "rmse": 0.9641050950295732,
    "mae": 0.8613727298546364
  },
  "time_records": {
    "載入資料": 7.637924909591675,
    "建立映射": 0.5255823135375977,
    "建立稀疏矩陣": 0.18702006340026855,
    "SVD 降維": 65.94374322891235,
    "訓練 KNN": 0.04585552215576172,
    "評估": 161.86713695526123
  },
  "peak_memory_mb": 3684.28125,
  "config": {
    "data_limit": null,
    "min_item_ratings": 0,
    "use_timestamp": false,
    "use_item_bias": false,
    "use_svd": true,
    "n_components": 512,
    "use_time_decay": false,
    "half_life_days": 500,
    "use_tfidf": false,
    "k_neighbors": 80,
    "amplification_factor": 1.0,
    "top_n": 10,
    "random_state": 42
  }
}