{
  "name": "SVD_KNN_EXPAND_039",
  "n_samples": 20000,
  "metrics": {
    "n_samples": 20000.0,
    "hit_rate": 0.3107,
    "precision": 0.031069999999999997,
    "recall": 0.3107,
    "mrr": 0.13514440476190476,
    "ndcg": 0.17608174444892136,
    "rmse": 1.1854748436856475,
    "mae": 1.0673474364823703
  },
  "time_records": {
    "載入資料": 5.865808010101318,
    "建立映射": 0.4993321895599365,
    "建立稀疏矩陣": 0.12078690528869629,
    "SVD 降維": 1.0855467319488525,
    "訓練 KNN": 0.020141124725341797,
    "評估": 75.99086999893188
  },
  "peak_memory_mb": 2253.0078125,
  "config": {
    "data_limit": null,
    "min_item_ratings": 0,
    "use_timestamp": false,
    "use_item_bias": false,
    "use_svd": true,
    "n_components": 2,
    "use_time_decay": false,
    "half_life_days": 500,
    "use_tfidf": false,
    "k_neighbors": 50,
    "amplification_factor": 1.0,
    "top_n": 10,
    "random_state": 42
  }
}