{
  "name": "SVD_014",
  "n_samples": 500,
  "metrics": {
    "n_samples": 500.0,
    "hit_rate": 0.674,
    "precision": 0.0674,
    "recall": 0.674,
    "mrr": 0.4859865079365079,
    "ndcg": 0.5308742935562495,
    "rmse": 0.9935195423590755,
    "mae": 0.8648564714313036
  },
  "time_records": {
    "載入資料": 6.005204439163208,
    "建立映射": 0.5038912296295166,
    "建立稀疏矩陣": 0.11907243728637695,
    "SVD 降維": 87.31527042388916,
    "訓練 KNN": 0.05212283134460449,
    "評估": 2.1099820137023926
  },
  "peak_memory_mb": 3948.62109375
}