{
  "name": "SVD_010",
  "n_samples": 500,
  "metrics": {
    "n_samples": 500.0,
    "hit_rate": 0.684,
    "precision": 0.0684,
    "recall": 0.684,
    "mrr": 0.5025357142857143,
    "ndcg": 0.5462005261405602,
    "rmse": 0.964237056785315,
    "mae": 0.8481908546160821
  },
  "time_records": {
    "載入資料": 6.102607727050781,
    "建立映射": 0.5055673122406006,
    "建立稀疏矩陣": 0.12156534194946289,
    "SVD 降維": 21.731187343597412,
    "訓練 KNN": 0.03630232810974121,
    "評估": 1.703880786895752
  },
  "peak_memory_mb": 2772.16015625
}