{
  "name": "SVD_KNN_GRID_083",
  "n_samples": 20000,
  "metrics": {
    "n_samples": 20000.0,
    "hit_rate": 0.6661,
    "precision": 0.06661,
    "recall": 0.6661,
    "mrr": 0.48440744047619044,
    "ndcg": 0.5278569246573037,
    "rmse": 0.9848096965004599,
    "mae": 0.8491879192998054
  },
  "time_records": {
    "載入資料": 5.68911075592041,
    "建立映射": 0.4461379051208496,
    "建立稀疏矩陣": 0.1217043399810791,
    "SVD 降維": 43.71583676338196,
    "評估": 72.0398166179657
  },
  "peak_memory_mb": 3729.35546875,
  "config": {
    "data_limit": null,
    "min_item_ratings": 0,
    "use_timestamp": false,
    "use_item_bias": false,
    "use_svd": true,
    "n_components": 512,
    "use_time_decay": false,
    "half_life_days": 500,
    "use_tfidf": false,
    "k_neighbors": 15,
    "amplification_factor": 1.0,
    "top_n": 10,
    "random_state": 42
  }
}