{
  "name": "SVD_KNN_EXPAND_032",
  "n_samples": 20000,
  "metrics": {
    "n_samples": 20000.0,
    "hit_rate": 0.67565,
    "precision": 0.067565,
    "recall": 0.67565,
    "mrr": 0.4853140476190476,
    "ndcg": 0.5307679250222341,
    "rmse": 0.9470153497849529,
    "mae": 0.8443188361578683
  },
  "time_records": {
    "載入資料": 7.454107284545898,
    "建立映射": 0.752464771270752,
    "建立稀疏矩陣": 0.1844499111175537,
    "SVD 降維": 1546.2203314304352,
    "評估": 313.89450240135193
  },
  "peak_memory_mb": 13226.046875,
  "config": {
    "data_limit": null,
    "min_item_ratings": 0,
    "use_timestamp": false,
    "use_item_bias": false,
    "use_svd": true,
    "n_components": 8192,
    "use_time_decay": false,
    "half_life_days": 500,
    "use_tfidf": false,
    "k_neighbors": 60,
    "amplification_factor": 1.0,
    "top_n": 10,
    "random_state": 42
  }
}