{
  "name": "SVD_KNN_GRID_027",
  "n_samples": 20000,
  "metrics": {
    "n_samples": 20000.0,
    "hit_rate": 0.49475,
    "precision": 0.049475000000000005,
    "recall": 0.49475,
    "mrr": 0.28231406746031745,
    "ndcg": 0.3326177836512309,
    "rmse": 1.067390203133417,
    "mae": 0.9413529284303986
  },
  "time_records": {
    "載入資料": 5.798490762710571,
    "建立映射": 0.44848108291625977,
    "建立稀疏矩陣": 0.12057709693908691,
    "SVD 降維": 1.3298640251159668,
    "訓練 KNN": 0.02108144760131836,
    "評估": 76.10424184799194
  },
  "peak_memory_mb": 2569.05078125,
  "config": {
    "data_limit": null,
    "min_item_ratings": 0,
    "use_timestamp": false,
    "use_item_bias": false,
    "use_svd": true,
    "n_components": 8,
    "use_time_decay": false,
    "half_life_days": 500,
    "use_tfidf": false,
    "k_neighbors": 35,
    "amplification_factor": 1.0,
    "top_n": 10,
    "random_state": 42
  }
}