{
  "name": "SVD_KNN_EXPAND_081",
  "n_samples": 20000,
  "metrics": {
    "n_samples": 20000.0,
    "hit_rate": 0.59095,
    "precision": 0.059094999999999995,
    "recall": 0.59095,
    "mrr": 0.39472992063492063,
    "ndcg": 0.44140612484771446,
    "rmse": 1.0008055108358895,
    "mae": 0.8933111189869156
  },
  "time_records": {
    "載入資料": 5.848507642745972,
    "建立映射": 0.510683536529541,
    "建立稀疏矩陣": 0.11880087852478027,
    "SVD 降維": 3.2928578853607178,
    "訓練 KNN": 0.027812480926513672,
    "評估": 122.67691588401794
  },
  "peak_memory_mb": 2379.83984375,
  "config": {
    "data_limit": null,
    "min_item_ratings": 0,
    "use_timestamp": false,
    "use_item_bias": false,
    "use_svd": true,
    "n_components": 32,
    "use_time_decay": false,
    "half_life_days": 500,
    "use_tfidf": false,
    "k_neighbors": 80,
    "amplification_factor": 1.0,
    "top_n": 10,
    "random_state": 42
  }
}