{
  "name": "SVD_003",
  "n_samples": 500,
  "metrics": {
    "n_samples": 500.0,
    "hit_rate": 0.638,
    "precision": 0.0638,
    "recall": 0.638,
    "mrr": 0.456931746031746,
    "ndcg": 0.5001795204703023,
    "rmse": 1.0103730654004397,
    "mae": 0.8855502543422697
  },
  "time_records": {
    "載入資料": 5.987385272979736,
    "建立映射": 0.5010261535644531,
    "建立稀疏矩陣": 0.12084770202636719,
    "SVD 降維": 6.468597173690796,
    "訓練 KNN": 0.035124778747558594,
    "評估": 1.8106176853179932
  },
  "peak_memory_mb": 2455.31640625
}