{
  "name": "SVD_KNN_EXPAND_085",
  "n_samples": 20000,
  "metrics": {
    "n_samples": 20000.0,
    "hit_rate": 0.6263,
    "precision": 0.06262999999999999,
    "recall": 0.6263,
    "mrr": 0.4475571825396825,
    "ndcg": 0.4901179937912785,
    "rmse": 0.9930232275545618,
    "mae": 0.8773881033139372
  },
  "time_records": {
    "載入資料": 5.809082269668579,
    "建立映射": 0.5108785629272461,
    "建立稀疏矩陣": 0.11979436874389648,
    "SVD 降維": 5.39640998840332,
    "訓練 KNN": 0.03515434265136719,
    "評估": 101.25858283042908
  },
  "peak_memory_mb": 2493.625,
  "config": {
    "data_limit": null,
    "min_item_ratings": 0,
    "use_timestamp": false,
    "use_item_bias": false,
    "use_svd": true,
    "n_components": 64,
    "use_time_decay": false,
    "half_life_days": 500,
    "use_tfidf": false,
    "k_neighbors": 55,
    "amplification_factor": 1.0,
    "top_n": 10,
    "random_state": 42
  }
}