{
  "name": "SVD_KNN_EXPAND_028",
  "n_samples": 20000,
  "metrics": {
    "n_samples": 20000.0,
    "hit_rate": 0.6753,
    "precision": 0.06753,
    "recall": 0.6753,
    "mrr": 0.48721638888888885,
    "ndcg": 0.5321469570580406,
    "rmse": 0.9494775294928978,
    "mae": 0.8402544641098418
  },
  "time_records": {
    "載入資料": 6.085648775100708,
    "建立映射": 0.45626091957092285,
    "建立稀疏矩陣": 0.11969804763793945,
    "SVD 降維": 1365.705043554306,
    "評估": 284.7300124168396
  },
  "peak_memory_mb": 13211.91015625,
  "config": {
    "data_limit": null,
    "min_item_ratings": 0,
    "use_timestamp": false,
    "use_item_bias": false,
    "use_svd": true,
    "n_components": 8192,
    "use_time_decay": false,
    "half_life_days": 500,
    "use_tfidf": false,
    "k_neighbors": 40,
    "amplification_factor": 1.0,
    "top_n": 10,
    "random_state": 42
  }
}