{
  "name": "SVD_KNN_EXPAND_044",
  "n_samples": 20000,
  "metrics": {
    "n_samples": 20000.0,
    "hit_rate": 0.3192,
    "precision": 0.03192,
    "recall": 0.3192,
    "mrr": 0.13893535714285715,
    "ndcg": 0.18095513380158343,
    "rmse": 1.1739117859869455,
    "mae": 1.067131111795965
  },
  "time_records": {
    "載入資料": 5.816910982131958,
    "建立映射": 0.4983398914337158,
    "建立稀疏矩陣": 0.12006020545959473,
    "SVD 降維": 1.0400514602661133,
    "訓練 KNN": 0.02053070068359375,
    "評估": 99.77533435821533
  },
  "peak_memory_mb": 2262.3828125,
  "config": {
    "data_limit": null,
    "min_item_ratings": 0,
    "use_timestamp": false,
    "use_item_bias": false,
    "use_svd": true,
    "n_components": 2,
    "use_time_decay": false,
    "half_life_days": 500,
    "use_tfidf": false,
    "k_neighbors": 75,
    "amplification_factor": 1.0,
    "top_n": 10,
    "random_state": 42
  }
}