{
  "name": "SVD_KNN_EXPAND_034",
  "n_samples": 20000,
  "metrics": {
    "n_samples": 20000.0,
    "hit_rate": 0.67275,
    "precision": 0.067275,
    "recall": 0.67275,
    "mrr": 0.48432017857142856,
    "ndcg": 0.5293576342678878,
    "rmse": 0.9463687969814141,
    "mae": 0.8459606915651046
  },
  "time_records": {
    "載入資料": 7.194796323776245,
    "建立映射": 0.5141487121582031,
    "建立稀疏矩陣": 0.17498040199279785,
    "SVD 降維": 1409.192533493042,
    "訓練 KNN": 0.22375249862670898,
    "評估": 307.1959617137909
  },
  "peak_memory_mb": 13192.38671875,
  "config": {
    "data_limit": null,
    "min_item_ratings": 0,
    "use_timestamp": false,
    "use_item_bias": false,
    "use_svd": true,
    "n_components": 8192,
    "use_time_decay": false,
    "half_life_days": 500,
    "use_tfidf": false,
    "k_neighbors": 70,
    "amplification_factor": 1.0,
    "top_n": 10,
    "random_state": 42
  }
}