{
  "name": "SVD_KNN_GRID_064",
  "n_samples": 20000,
  "metrics": {
    "n_samples": 20000.0,
    "hit_rate": 0.65465,
    "precision": 0.065465,
    "recall": 0.65465,
    "mrr": 0.480020496031746,
    "ndcg": 0.5217354200498059,
    "rmse": 0.9939688555062757,
    "mae": 0.8598419563463947
  },
  "time_records": {
    "載入資料": 5.711709976196289,
    "建立映射": 0.4454081058502197,
    "建立稀疏矩陣": 0.12069988250732422,
    "SVD 降維": 10.552619695663452,
    "訓練 KNN": 0.03872537612915039,
    "評估": 68.08393788337708
  },
  "peak_memory_mb": 2989.27734375,
  "config": {
    "data_limit": null,
    "min_item_ratings": 0,
    "use_timestamp": false,
    "use_item_bias": false,
    "use_svd": true,
    "n_components": 128,
    "use_time_decay": false,
    "half_life_days": 500,
    "use_tfidf": false,
    "k_neighbors": 20,
    "amplification_factor": 1.0,
    "top_n": 10,
    "random_state": 42
  }
}