{
  "name": "SVD_KNN_GRID_035",
  "n_samples": 20000,
  "metrics": {
    "n_samples": 20000.0,
    "hit_rate": 0.5467,
    "precision": 0.054669999999999996,
    "recall": 0.5467,
    "mrr": 0.33483819444444446,
    "ndcg": 0.38523439094069944,
    "rmse": 1.0400935588511104,
    "mae": 0.9095728840386972
  },
  "time_records": {
    "載入資料": 5.794287443161011,
    "建立映射": 0.4466867446899414,
    "建立稀疏矩陣": 0.1228342056274414,
    "SVD 降維": 1.850008249282837,
    "評估": 68.46842002868652
  },
  "peak_memory_mb": 2631.91796875,
  "config": {
    "data_limit": null,
    "min_item_ratings": 0,
    "use_timestamp": false,
    "use_item_bias": false,
    "use_svd": true,
    "n_components": 16,
    "use_time_decay": false,
    "half_life_days": 500,
    "use_tfidf": false,
    "k_neighbors": 25,
    "amplification_factor": 1.0,
    "top_n": 10,
    "random_state": 42
  }
}