{
  "name": "SVD_KNN_EXPAND_021",
  "n_samples": 20000,
  "metrics": {
    "n_samples": 20000.0,
    "hit_rate": 0.67595,
    "precision": 0.067595,
    "recall": 0.67595,
    "mrr": 0.48513847222222223,
    "ndcg": 0.5307303247444148,
    "rmse": 0.9509316507327237,
    "mae": 0.8458351554000383
  },
  "time_records": {
    "載入資料": 6.023939609527588,
    "建立映射": 0.4600870609283447,
    "建立稀疏矩陣": 0.11953020095825195,
    "SVD 降維": 547.866854429245,
    "評估": 225.24873638153076
  },
  "peak_memory_mb": 8022.828125,
  "config": {
    "data_limit": null,
    "min_item_ratings": 0,
    "use_timestamp": false,
    "use_item_bias": false,
    "use_svd": true,
    "n_components": 4096,
    "use_time_decay": false,
    "half_life_days": 500,
    "use_tfidf": false,
    "k_neighbors": 50,
    "amplification_factor": 1.0,
    "top_n": 10,
    "random_state": 42
  }
}