{
  "name": "SVD_KNN_EXPAND_009",
  "n_samples": 20000,
  "metrics": {
    "n_samples": 20000.0,
    "hit_rate": 0.6736,
    "precision": 0.06736,
    "recall": 0.6736,
    "mrr": 0.4885107142857143,
    "ndcg": 0.5327116688608661,
    "rmse": 0.9554378160401115,
    "mae": 0.8566372682050711
  },
  "time_records": {
    "載入資料": 5.891671657562256,
    "建立映射": 0.47974443435668945,
    "建立稀疏矩陣": 0.12102866172790527,
    "SVD 降維": 92.57624697685242,
    "訓練 KNN": 0.05461597442626953,
    "評估": 162.70923471450806
  },
  "peak_memory_mb": 4068.2890625,
  "config": {
    "data_limit": null,
    "min_item_ratings": 0,
    "use_timestamp": false,
    "use_item_bias": false,
    "use_svd": true,
    "n_components": 1024,
    "use_time_decay": false,
    "half_life_days": 500,
    "use_tfidf": false,
    "k_neighbors": 80,
    "amplification_factor": 1.0,
    "top_n": 10,
    "random_state": 42
  }
}