{
  "name": "SVD_KNN_EXPAND_080",
  "n_samples": 20000,
  "metrics": {
    "n_samples": 20000.0,
    "hit_rate": 0.5922,
    "precision": 0.059219999999999995,
    "recall": 0.5922,
    "mrr": 0.395584007936508,
    "ndcg": 0.4423673112338145,
    "rmse": 1.0001636418826556,
    "mae": 0.891962480049023
  },
  "time_records": {
    "載入資料": 5.89127254486084,
    "建立映射": 0.5119998455047607,
    "建立稀疏矩陣": 0.11999344825744629,
    "SVD 降維": 3.2298388481140137,
    "訓練 KNN": 0.02723097801208496,
    "評估": 118.61809754371643
  },
  "peak_memory_mb": 2378.44140625,
  "config": {
    "data_limit": null,
    "min_item_ratings": 0,
    "use_timestamp": false,
    "use_item_bias": false,
    "use_svd": true,
    "n_components": 32,
    "use_time_decay": false,
    "half_life_days": 500,
    "use_tfidf": false,
    "k_neighbors": 75,
    "amplification_factor": 1.0,
    "top_n": 10,
    "random_state": 42
  }
}