{
  "name": "SVD_KNN_EXPAND_061",
  "n_samples": 20000,
  "metrics": {
    "n_samples": 20000.0,
    "hit_rate": 0.50115,
    "precision": 0.050115,
    "recall": 0.50115,
    "mrr": 0.2898980952380953,
    "ndcg": 0.3398707255192756,
    "rmse": 1.050073870251076,
    "mae": 0.9380747618014306
  },
  "time_records": {
    "載入資料": 5.9092185497283936,
    "建立映射": 0.5104968547821045,
    "建立稀疏矩陣": 0.11939120292663574,
    "SVD 降維": 1.4985125064849854,
    "評估": 110.45574402809143
  },
  "peak_memory_mb": 2327.703125,
  "config": {
    "data_limit": null,
    "min_item_ratings": 0,
    "use_timestamp": false,
    "use_item_bias": false,
    "use_svd": true,
    "n_components": 8,
    "use_time_decay": false,
    "half_life_days": 500,
    "use_tfidf": false,
    "k_neighbors": 70,
    "amplification_factor": 1.0,
    "top_n": 10,
    "random_state": 42
  }
}