{
  "name": "SVD_KNN_GRID_059",
  "n_samples": 20000,
  "metrics": {
    "n_samples": 20000.0,
    "hit_rate": 0.62825,
    "precision": 0.06282499999999999,
    "recall": 0.62825,
    "mrr": 0.44887632936507926,
    "ndcg": 0.49161933017489234,
    "rmse": 0.9952549398074921,
    "mae": 0.8765134789293927
  },
  "time_records": {
    "載入資料": 5.776992559432983,
    "建立映射": 0.44715261459350586,
    "建立稀疏矩陣": 0.12149953842163086,
    "SVD 降維": 5.466875791549683,
    "評估": 90.4618034362793
  },
  "peak_memory_mb": 2754.8828125,
  "config": {
    "data_limit": null,
    "min_item_ratings": 0,
    "use_timestamp": false,
    "use_item_bias": false,
    "use_svd": true,
    "n_components": 64,
    "use_time_decay": false,
    "half_life_days": 500,
    "use_tfidf": false,
    "k_neighbors": 45,
    "amplification_factor": 1.0,
    "top_n": 10,
    "random_state": 42
  }
}