{
  "name": "SVD_004",
  "n_samples": 500,
  "metrics": {
    "n_samples": 500.0,
    "hit_rate": 0.648,
    "precision": 0.0648,
    "recall": 0.648,
    "mrr": 0.46172301587301584,
    "ndcg": 0.5062059124342148,
    "rmse": 0.9967549714470677,
    "mae": 0.8647136385562308
  },
  "time_records": {
    "載入資料": 6.482643365859985,
    "建立映射": 0.5019590854644775,
    "建立稀疏矩陣": 0.12191915512084961,
    "SVD 降維": 8.292163610458374,
    "訓練 KNN": 0.037503957748413086,
    "評估": 1.6023366451263428
  },
  "peak_memory_mb": 2429.6640625
}