{
  "name": "SVD_KNN_GRID_042",
  "n_samples": 20000,
  "metrics": {
    "n_samples": 20000.0,
    "hit_rate": 0.57045,
    "precision": 0.057045,
    "recall": 0.57045,
    "mrr": 0.37258781746031744,
    "ndcg": 0.4197464797359966,
    "rmse": 1.0457939215937573,
    "mae": 0.8876632040013823
  },
  "time_records": {
    "載入資料": 5.92423677444458,
    "建立映射": 0.44506263732910156,
    "建立稀疏矩陣": 0.12093758583068848,
    "SVD 降維": 3.1849682331085205,
    "評估": 53.999687910079956
  },
  "peak_memory_mb": 2664.0078125,
  "config": {
    "data_limit": null,
    "min_item_ratings": 0,
    "use_timestamp": false,
    "use_item_bias": false,
    "use_svd": true,
    "n_components": 32,
    "use_time_decay": false,
    "half_life_days": 500,
    "use_tfidf": false,
    "k_neighbors": 10,
    "amplification_factor": 1.0,
    "top_n": 10,
    "random_state": 42
  }
}