{
  "name": "SVD_006",
  "n_samples": 500,
  "metrics": {
    "n_samples": 500.0,
    "hit_rate": 0.662,
    "precision": 0.06620000000000001,
    "recall": 0.662,
    "mrr": 0.48397222222222225,
    "ndcg": 0.5267192242538737,
    "rmse": 0.9773560226844225,
    "mae": 0.8524277348246487
  },
  "time_records": {
    "載入資料": 6.044714689254761,
    "建立映射": 0.507439374923706,
    "建立稀疏矩陣": 0.12085103988647461,
    "SVD 降維": 12.649510622024536,
    "訓練 KNN": 0.036638736724853516,
    "評估": 1.7544794082641602
  },
  "peak_memory_mb": 2632.5625
}