{
  "name": "SVD_KNN_EXPAND_065",
  "n_samples": 20000,
  "metrics": {
    "n_samples": 20000.0,
    "hit_rate": 0.5556,
    "precision": 0.05556,
    "recall": 0.5556,
    "mrr": 0.34124323412698415,
    "ndcg": 0.3921640265012504,
    "rmse": 1.0256027158190353,
    "mae": 0.9094556915952926
  },
  "time_records": {
    "載入資料": 5.9127867221832275,
    "建立映射": 0.5161285400390625,
    "建立稀疏矩陣": 0.12317228317260742,
    "SVD 降維": 1.8430113792419434,
    "評估": 87.30700826644897
  },
  "peak_memory_mb": 2369.71484375,
  "config": {
    "data_limit": null,
    "min_item_ratings": 0,
    "use_timestamp": false,
    "use_item_bias": false,
    "use_svd": true,
    "n_components": 16,
    "use_time_decay": false,
    "half_life_days": 500,
    "use_tfidf": false,
    "k_neighbors": 45,
    "amplification_factor": 1.0,
    "top_n": 10,
    "random_state": 42
  }
}