{
  "name": "SVD_KNN_GRID_038",
  "n_samples": 20000,
  "metrics": {
    "n_samples": 20000.0,
    "hit_rate": 0.55505,
    "precision": 0.055505000000000006,
    "recall": 0.55505,
    "mrr": 0.34112001984126983,
    "ndcg": 0.3919212858736012,
    "rmse": 1.030235287773972,
    "mae": 0.9102918501023203
  },
  "time_records": {
    "載入資料": 5.907482147216797,
    "建立映射": 0.4463155269622803,
    "建立稀疏矩陣": 0.12147188186645508,
    "SVD 降維": 1.8576152324676514,
    "評估": 83.62503242492676
  },
  "peak_memory_mb": 2631.91796875,
  "config": {
    "data_limit": null,
    "min_item_ratings": 0,
    "use_timestamp": false,
    "use_item_bias": false,
    "use_svd": true,
    "n_components": 16,
    "use_time_decay": false,
    "half_life_days": 500,
    "use_tfidf": false,
    "k_neighbors": 40,
    "amplification_factor": 1.0,
    "top_n": 10,
    "random_state": 42
  }
}