{
  "name": "SVD_KNN_EXPAND_017",
  "n_samples": 20000,
  "metrics": {
    "n_samples": 20000.0,
    "hit_rate": 0.6737,
    "precision": 0.06737,
    "recall": 0.6737,
    "mrr": 0.48476867063492063,
    "ndcg": 0.5298867923520286,
    "rmse": 0.9518636512995844,
    "mae": 0.8527886889399954
  },
  "time_records": {
    "載入資料": 5.84469199180603,
    "建立映射": 0.49841904640197754,
    "建立稀疏矩陣": 0.11965203285217285,
    "SVD 降維": 223.15847373008728,
    "訓練 KNN": 0.07904648780822754,
    "評估": 188.01177620887756
  },
  "peak_memory_mb": 5410.0078125,
  "config": {
    "data_limit": null,
    "min_item_ratings": 0,
    "use_timestamp": false,
    "use_item_bias": false,
    "use_svd": true,
    "n_components": 2048,
    "use_time_decay": false,
    "half_life_days": 500,
    "use_tfidf": false,
    "k_neighbors": 75,
    "amplification_factor": 1.0,
    "top_n": 10,
    "random_state": 42
  }
}