{
  "name": "SVD_008",
  "n_samples": 500,
  "metrics": {
    "n_samples": 500.0,
    "hit_rate": 0.688,
    "precision": 0.0688,
    "recall": 0.688,
    "mrr": 0.493697619047619,
    "ndcg": 0.5398845385246288,
    "rmse": 0.957231993285347,
    "mae": 0.8442670726355196
  },
  "time_records": {
    "載入資料": 5.957746267318726,
    "建立映射": 0.5051925182342529,
    "建立稀疏矩陣": 0.12032294273376465,
    "SVD 降維": 16.227787494659424,
    "訓練 KNN": 0.03369307518005371,
    "評估": 1.7939672470092773
  },
  "peak_memory_mb": 2855.1171875
}