{
  "name": "SVD_KNN_EXPAND_012",
  "n_samples": 20000,
  "metrics": {
    "n_samples": 20000.0,
    "hit_rate": 0.67575,
    "precision": 0.067575,
    "recall": 0.67575,
    "mrr": 0.48841785714285707,
    "ndcg": 0.5331754168276908,
    "rmse": 0.9535870987584959,
    "mae": 0.847824158148132
  },
  "time_records": {
    "載入資料": 5.916272401809692,
    "建立映射": 0.49955081939697266,
    "建立稀疏矩陣": 0.11941146850585938,
    "SVD 降維": 223.5075237751007,
    "訓練 KNN": 0.07783055305480957,
    "評估": 160.3122525215149
  },
  "peak_memory_mb": 5386.54296875,
  "config": {
    "data_limit": null,
    "min_item_ratings": 0,
    "use_timestamp": false,
    "use_item_bias": false,
    "use_svd": true,
    "n_components": 2048,
    "use_time_decay": false,
    "half_life_days": 500,
    "use_tfidf": false,
    "k_neighbors": 50,
    "amplification_factor": 1.0,
    "top_n": 10,
    "random_state": 42
  }
}