{
  "name": "SVD_KNN_GRID_062",
  "n_samples": 20000,
  "metrics": {
    "n_samples": 20000.0,
    "hit_rate": 0.6427,
    "precision": 0.06427000000000001,
    "recall": 0.6427,
    "mrr": 0.4638988095238095,
    "ndcg": 0.5066141060917058,
    "rmse": 1.0156865972346711,
    "mae": 0.8603794580259381
  },
  "time_records": {
    "載入資料": 5.762479305267334,
    "建立映射": 0.4475371837615967,
    "建立稀疏矩陣": 0.12128257751464844,
    "SVD 降維": 10.721367597579956,
    "評估": 57.20801019668579
  },
  "peak_memory_mb": 2975.7890625,
  "config": {
    "data_limit": null,
    "min_item_ratings": 0,
    "use_timestamp": false,
    "use_item_bias": false,
    "use_svd": true,
    "n_components": 128,
    "use_time_decay": false,
    "half_life_days": 500,
    "use_tfidf": false,
    "k_neighbors": 10,
    "amplification_factor": 1.0,
    "top_n": 10,
    "random_state": 42
  }
}