{
  "name": "SVD_KNN_GRID_051",
  "n_samples": 20000,
  "metrics": {
    "n_samples": 20000.0,
    "hit_rate": 0.5782,
    "precision": 0.05782,
    "recall": 0.5782,
    "mrr": 0.3903081349206349,
    "ndcg": 0.4351261529615441,
    "rmse": 1.0636701588970046,
    "mae": 0.8797281767892551
  },
  "time_records": {
    "載入資料": 5.725518465042114,
    "建立映射": 0.4477720260620117,
    "建立稀疏矩陣": 0.12002110481262207,
    "SVD 降維": 5.2996299266815186,
    "評估": 51.214640855789185
  },
  "peak_memory_mb": 2748.890625,
  "config": {
    "data_limit": null,
    "min_item_ratings": 0,
    "use_timestamp": false,
    "use_item_bias": false,
    "use_svd": true,
    "n_components": 64,
    "use_time_decay": false,
    "half_life_days": 500,
    "use_tfidf": false,
    "k_neighbors": 5,
    "amplification_factor": 1.0,
    "top_n": 10,
    "random_state": 42
  }
}