{
  "name": "SVD_KNN_GRID_010",
  "n_samples": 20000,
  "metrics": {
    "n_samples": 20000.0,
    "hit_rate": 0.3107,
    "precision": 0.031069999999999997,
    "recall": 0.3107,
    "mrr": 0.13514440476190476,
    "ndcg": 0.17608174444892136,
    "rmse": 1.1854748436856475,
    "mae": 1.0673474364823703
  },
  "time_records": {
    "載入資料": 5.89262843132019,
    "建立映射": 0.44835400581359863,
    "建立稀疏矩陣": 0.12068319320678711,
    "SVD 降維": 0.8938553333282471,
    "訓練 KNN": 0.021648168563842773,
    "評估": 76.67289400100708
  },
  "peak_memory_mb": 2570.1953125,
  "config": {
    "data_limit": null,
    "min_item_ratings": 0,
    "use_timestamp": false,
    "use_item_bias": false,
    "use_svd": true,
    "n_components": 2,
    "use_time_decay": false,
    "half_life_days": 500,
    "use_tfidf": false,
    "k_neighbors": 50,
    "amplification_factor": 1.0,
    "top_n": 10,
    "random_state": 42
  }
}