{
  "name": "SVD_KNN_EXPAND_116",
  "n_samples": 20000,
  "metrics": {
    "n_samples": 20000.0,
    "hit_rate": 0.67005,
    "precision": 0.06700500000000001,
    "recall": 0.67005,
    "mrr": 0.49328394841269835,
    "ndcg": 0.5355250433301763,
    "rmse": 0.9646769130843422,
    "mae": 0.8608344297436379
  },
  "time_records": {
    "載入資料": 7.4450788497924805,
    "建立映射": 0.5264387130737305,
    "建立稀疏矩陣": 0.18416357040405273,
    "SVD 降維": 62.63373804092407,
    "評估": 157.6301829814911
  },
  "peak_memory_mb": 3672.4765625,
  "config": {
    "data_limit": null,
    "min_item_ratings": 0,
    "use_timestamp": false,
    "use_item_bias": false,
    "use_svd": true,
    "n_components": 512,
    "use_time_decay": false,
    "half_life_days": 500,
    "use_tfidf": false,
    "k_neighbors": 75,
    "amplification_factor": 1.0,
    "top_n": 10,
    "random_state": 42
  }
}