{
  "name": "SVD_KNN_EXPAND_014",
  "n_samples": 20000,
  "metrics": {
    "n_samples": 20000.0,
    "hit_rate": 0.67535,
    "precision": 0.067535,
    "recall": 0.67535,
    "mrr": 0.4866175992063492,
    "ndcg": 0.5316778537422245,
    "rmse": 0.9523301371092345,
    "mae": 0.8499857094817574
  },
  "time_records": {
    "載入資料": 5.818775177001953,
    "建立映射": 0.48947763442993164,
    "建立稀疏矩陣": 0.11890435218811035,
    "SVD 降維": 224.43395686149597,
    "評估": 170.57176184654236
  },
  "peak_memory_mb": 5401.9375,
  "config": {
    "data_limit": null,
    "min_item_ratings": 0,
    "use_timestamp": false,
    "use_item_bias": false,
    "use_svd": true,
    "n_components": 2048,
    "use_time_decay": false,
    "half_life_days": 500,
    "use_tfidf": false,
    "k_neighbors": 60,
    "amplification_factor": 1.0,
    "top_n": 10,
    "random_state": 42
  }
}