{
  "name": "SVD_KNN_EXPAND_030",
  "n_samples": 20000,
  "metrics": {
    "n_samples": 20000.0,
    "hit_rate": 0.6758,
    "precision": 0.06758,
    "recall": 0.6758,
    "mrr": 0.4857191865079365,
    "ndcg": 0.5310972754434171,
    "rmse": 0.9488741210704609,
    "mae": 0.8432187172340938
  },
  "time_records": {
    "載入資料": 7.397329330444336,
    "建立映射": 0.7534112930297852,
    "建立稀疏矩陣": 0.16572117805480957,
    "SVD 降維": 1453.1866524219513,
    "評估": 344.43333649635315
  },
  "peak_memory_mb": 13209.6875,
  "config": {
    "data_limit": null,
    "min_item_ratings": 0,
    "use_timestamp": false,
    "use_item_bias": false,
    "use_svd": true,
    "n_components": 8192,
    "use_time_decay": false,
    "half_life_days": 500,
    "use_tfidf": false,
    "k_neighbors": 50,
    "amplification_factor": 1.0,
    "top_n": 10,
    "random_state": 42
  }
}