{
  "name": "SVD_KNN_GRID_088",
  "n_samples": 20000,
  "metrics": {
    "n_samples": 20000.0,
    "hit_rate": 0.67435,
    "precision": 0.067435,
    "recall": 0.67435,
    "mrr": 0.4950529563492063,
    "ndcg": 0.5378965962032409,
    "rmse": 0.9704345356580777,
    "mae": 0.8550433420797723
  },
  "time_records": {
    "載入資料": 5.734297513961792,
    "建立映射": 0.44515514373779297,
    "建立稀疏矩陣": 0.12208104133605957,
    "SVD 降維": 39.43478226661682,
    "評估": 101.17275071144104
  },
  "peak_memory_mb": 3734.52734375,
  "config": {
    "data_limit": null,
    "min_item_ratings": 0,
    "use_timestamp": false,
    "use_item_bias": false,
    "use_svd": true,
    "n_components": 512,
    "use_time_decay": false,
    "half_life_days": 500,
    "use_tfidf": false,
    "k_neighbors": 40,
    "amplification_factor": 1.0,
    "top_n": 10,
    "random_state": 42
  }
}