{
  "name": "SVD_KNN_EXPAND_092",
  "n_samples": 20000,
  "metrics": {
    "n_samples": 20000.0,
    "hit_rate": 0.65655,
    "precision": 0.06565499999999999,
    "recall": 0.65655,
    "mrr": 0.4838507142857143,
    "ndcg": 0.5250519857264487,
    "rmse": 0.9834542608635221,
    "mae": 0.8649451416738442
  },
  "time_records": {
    "載入資料": 5.864413022994995,
    "建立映射": 0.5070765018463135,
    "建立稀疏矩陣": 0.119720458984375,
    "SVD 降維": 10.663040161132812,
    "訓練 KNN": 0.033580780029296875,
    "評估": 92.66234850883484
  },
  "peak_memory_mb": 2755.0,
  "config": {
    "data_limit": null,
    "min_item_ratings": 0,
    "use_timestamp": false,
    "use_item_bias": false,
    "use_svd": true,
    "n_components": 128,
    "use_time_decay": false,
    "half_life_days": 500,
    "use_tfidf": false,
    "k_neighbors": 45,
    "amplification_factor": 1.0,
    "top_n": 10,
    "random_state": 42
  }
}