{
  "name": "SVD_KNN_EXPAND_022",
  "n_samples": 20000,
  "metrics": {
    "n_samples": 20000.0,
    "hit_rate": 0.6753,
    "precision": 0.06753,
    "recall": 0.6753,
    "mrr": 0.4854044047619048,
    "ndcg": 0.5307889170398181,
    "rmse": 0.9507406506591967,
    "mae": 0.8464939213444715
  },
  "time_records": {
    "載入資料": 5.991438388824463,
    "建立映射": 0.4745166301727295,
    "建立稀疏矩陣": 0.1201167106628418,
    "SVD 降維": 545.0643820762634,
    "訓練 KNN": 0.12549042701721191,
    "評估": 208.8975477218628
  },
  "peak_memory_mb": 8009.19921875,
  "config": {
    "data_limit": null,
    "min_item_ratings": 0,
    "use_timestamp": false,
    "use_item_bias": false,
    "use_svd": true,
    "n_components": 4096,
    "use_time_decay": false,
    "half_life_days": 500,
    "use_tfidf": false,
    "k_neighbors": 55,
    "amplification_factor": 1.0,
    "top_n": 10,
    "random_state": 42
  }
}