{
  "name": "SVD_KNN_GRID_015",
  "n_samples": 20000,
  "metrics": {
    "n_samples": 20000.0,
    "hit_rate": 0.36105,
    "precision": 0.036105,
    "recall": 0.36105,
    "mrr": 0.17229998015873016,
    "ndcg": 0.2166283516276486,
    "rmse": 1.163660764550856,
    "mae": 1.0254780846309335
  },
  "time_records": {
    "載入資料": 5.734719514846802,
    "建立映射": 0.4498860836029053,
    "建立稀疏矩陣": 0.11997628211975098,
    "SVD 降維": 1.0478825569152832,
    "評估": 66.52364087104797
  },
  "peak_memory_mb": 2584.640625,
  "config": {
    "data_limit": null,
    "min_item_ratings": 0,
    "use_timestamp": false,
    "use_item_bias": false,
    "use_svd": true,
    "n_components": 4,
    "use_time_decay": false,
    "half_life_days": 500,
    "use_tfidf": false,
    "k_neighbors": 25,
    "amplification_factor": 1.0,
    "top_n": 10,
    "random_state": 42
  }
}