{
  "name": "SVD_KNN_EXPAND_008",
  "n_samples": 20000,
  "metrics": {
    "n_samples": 20000.0,
    "hit_rate": 0.6744,
    "precision": 0.06744,
    "recall": 0.6744,
    "mrr": 0.4893953968253968,
    "ndcg": 0.5335662249831424,
    "rmse": 0.9557263046489524,
    "mae": 0.8558504436316796
  },
  "time_records": {
    "載入資料": 5.987550735473633,
    "建立映射": 0.47968316078186035,
    "建立稀疏矩陣": 0.1191103458404541,
    "SVD 降維": 90.53295755386353,
    "評估": 158.12889504432678
  },
  "peak_memory_mb": 4067.25,
  "config": {
    "data_limit": null,
    "min_item_ratings": 0,
    "use_timestamp": false,
    "use_item_bias": false,
    "use_svd": true,
    "n_components": 1024,
    "use_time_decay": false,
    "half_life_days": 500,
    "use_tfidf": false,
    "k_neighbors": 75,
    "amplification_factor": 1.0,
    "top_n": 10,
    "random_state": 42
  }
}