{
  "name": "SVD_KNN_GRID_069",
  "n_samples": 20000,
  "metrics": {
    "n_samples": 20000.0,
    "hit_rate": 0.65655,
    "precision": 0.06565499999999999,
    "recall": 0.65655,
    "mrr": 0.4838507142857143,
    "ndcg": 0.5250519857264487,
    "rmse": 0.9834542608635221,
    "mae": 0.8649451416738442
  },
  "time_records": {
    "載入資料": 5.854633092880249,
    "建立映射": 0.45247602462768555,
    "建立稀疏矩陣": 0.12174582481384277,
    "SVD 降維": 10.479711532592773,
    "訓練 KNN": 0.038315773010253906,
    "評估": 93.20716834068298
  },
  "peak_memory_mb": 2990.30078125,
  "config": {
    "data_limit": null,
    "min_item_ratings": 0,
    "use_timestamp": false,
    "use_item_bias": false,
    "use_svd": true,
    "n_components": 128,
    "use_time_decay": false,
    "half_life_days": 500,
    "use_tfidf": false,
    "k_neighbors": 45,
    "amplification_factor": 1.0,
    "top_n": 10,
    "random_state": 42
  }
}