{
  "name": "SVD_KNN_GRID_082",
  "n_samples": 20000,
  "metrics": {
    "n_samples": 20000.0,
    "hit_rate": 0.65135,
    "precision": 0.065135,
    "recall": 0.65135,
    "mrr": 0.46777458333333344,
    "ndcg": 0.5116209692076058,
    "rmse": 0.9968894185884578,
    "mae": 0.8487552714791294
  },
  "time_records": {
    "載入資料": 5.746007442474365,
    "建立映射": 0.446408748626709,
    "建立稀疏矩陣": 0.12129473686218262,
    "SVD 降維": 39.64735531806946,
    "訓練 KNN": 0.041776180267333984,
    "評估": 65.61329340934753
  },
  "peak_memory_mb": 3729.6953125,
  "config": {
    "data_limit": null,
    "min_item_ratings": 0,
    "use_timestamp": false,
    "use_item_bias": false,
    "use_svd": true,
    "n_components": 512,
    "use_time_decay": false,
    "half_life_days": 500,
    "use_tfidf": false,
    "k_neighbors": 10,
    "amplification_factor": 1.0,
    "top_n": 10,
    "random_state": 42
  }
}