{
  "name": "SVD_KNN_GRID_029",
  "n_samples": 20000,
  "metrics": {
    "n_samples": 20000.0,
    "hit_rate": 0.49685,
    "precision": 0.049685,
    "recall": 0.49685,
    "mrr": 0.2848933531746032,
    "ndcg": 0.33505400906365324,
    "rmse": 1.0597680287281748,
    "mae": 0.9402749488076751
  },
  "time_records": {
    "載入資料": 5.849231958389282,
    "建立映射": 0.4495670795440674,
    "建立稀疏矩陣": 0.11934423446655273,
    "SVD 降維": 1.3474771976470947,
    "訓練 KNN": 0.02104330062866211,
    "評估": 85.57115626335144
  },
  "peak_memory_mb": 2569.05078125,
  "config": {
    "data_limit": null,
    "min_item_ratings": 0,
    "use_timestamp": false,
    "use_item_bias": false,
    "use_svd": true,
    "n_components": 8,
    "use_time_decay": false,
    "half_life_days": 500,
    "use_tfidf": false,
    "k_neighbors": 45,
    "amplification_factor": 1.0,
    "top_n": 10,
    "random_state": 42
  }
}