{
  "name": "SVD_KNN_GRID_085",
  "n_samples": 20000,
  "metrics": {
    "n_samples": 20000.0,
    "hit_rate": 0.67235,
    "precision": 0.067235,
    "recall": 0.67235,
    "mrr": 0.4936610912698412,
    "ndcg": 0.536370608721276,
    "rmse": 0.9734135944855802,
    "mae": 0.8505024695488868
  },
  "time_records": {
    "載入資料": 5.882315397262573,
    "建立映射": 0.4456171989440918,
    "建立稀疏矩陣": 0.11983299255371094,
    "SVD 降維": 38.239155292510986,
    "評估": 83.36985301971436
  },
  "peak_memory_mb": 3735.39453125,
  "config": {
    "data_limit": null,
    "min_item_ratings": 0,
    "use_timestamp": false,
    "use_item_bias": false,
    "use_svd": true,
    "n_components": 512,
    "use_time_decay": false,
    "half_life_days": 500,
    "use_tfidf": false,
    "k_neighbors": 25,
    "amplification_factor": 1.0,
    "top_n": 10,
    "random_state": 42
  }
}