{
  "name": "SVD_KNN_GRID_034",
  "n_samples": 20000,
  "metrics": {
    "n_samples": 20000.0,
    "hit_rate": 0.54405,
    "precision": 0.054405,
    "recall": 0.54405,
    "mrr": 0.3307627777777778,
    "ndcg": 0.3813936046245125,
    "rmse": 1.0456158462571488,
    "mae": 0.9095614916480496
  },
  "time_records": {
    "載入資料": 6.845104217529297,
    "建立映射": 0.4460108280181885,
    "建立稀疏矩陣": 0.1218709945678711,
    "SVD 降維": 1.8379559516906738,
    "訓練 KNN": 0.022197246551513672,
    "評估": 62.259809494018555
  },
  "peak_memory_mb": 2631.91796875,
  "config": {
    "data_limit": null,
    "min_item_ratings": 0,
    "use_timestamp": false,
    "use_item_bias": false,
    "use_svd": true,
    "n_components": 16,
    "use_time_decay": false,
    "half_life_days": 500,
    "use_tfidf": false,
    "k_neighbors": 20,
    "amplification_factor": 1.0,
    "top_n": 10,
    "random_state": 42
  }
}