{
  "name": "SVD_KNN_EXPAND_104",
  "n_samples": 20000,
  "metrics": {
    "n_samples": 20000.0,
    "hit_rate": 0.6671,
    "precision": 0.06671,
    "recall": 0.6671,
    "mrr": 0.4952855952380953,
    "ndcg": 0.5362673376222945,
    "rmse": 0.97292451531146,
    "mae": 0.8628075229127046
  },
  "time_records": {
    "載入資料": 7.2023351192474365,
    "建立映射": 1.2054469585418701,
    "建立稀疏矩陣": 0.18574285507202148,
    "SVD 降維": 28.73658776283264,
    "評估": 129.0888180732727
  },
  "peak_memory_mb": 3110.21484375,
  "config": {
    "data_limit": null,
    "min_item_ratings": 0,
    "use_timestamp": false,
    "use_item_bias": false,
    "use_svd": true,
    "n_components": 256,
    "use_time_decay": false,
    "half_life_days": 500,
    "use_tfidf": false,
    "k_neighbors": 60,
    "amplification_factor": 1.0,
    "top_n": 10,
    "random_state": 42
  }
}