{
  "name": "SVD_013",
  "n_samples": 500,
  "metrics": {
    "n_samples": 500.0,
    "hit_rate": 0.668,
    "precision": 0.0668,
    "recall": 0.668,
    "mrr": 0.505623015873016,
    "ndcg": 0.5446022294204722,
    "rmse": 1.015397263523999,
    "mae": 0.8711791273998788
  },
  "time_records": {
    "載入資料": 6.095107078552246,
    "建立映射": 0.5037586688995361,
    "建立稀疏矩陣": 0.12139010429382324,
    "SVD 降維": 39.59003829956055,
    "訓練 KNN": 0.04162430763244629,
    "評估": 2.2181806564331055
  },
  "peak_memory_mb": 3306.30859375
}