{
  "name": "SVD_KNN_EXPAND_087",
  "n_samples": 20000,
  "metrics": {
    "n_samples": 20000.0,
    "hit_rate": 0.6247,
    "precision": 0.062470000000000005,
    "recall": 0.6247,
    "mrr": 0.44476730158730154,
    "ndcg": 0.4876362420563117,
    "rmse": 0.9924724668939701,
    "mae": 0.8795770983020389
  },
  "time_records": {
    "載入資料": 5.807632923126221,
    "建立映射": 0.5112037658691406,
    "建立稀疏矩陣": 0.12308764457702637,
    "SVD 降維": 5.501383304595947,
    "訓練 KNN": 0.03717613220214844,
    "評估": 109.31052589416504
  },
  "peak_memory_mb": 2499.22265625,
  "config": {
    "data_limit": null,
    "min_item_ratings": 0,
    "use_timestamp": false,
    "use_item_bias": false,
    "use_svd": true,
    "n_components": 64,
    "use_time_decay": false,
    "half_life_days": 500,
    "use_tfidf": false,
    "k_neighbors": 65,
    "amplification_factor": 1.0,
    "top_n": 10,
    "random_state": 42
  }
}