{
  "name": "SVD_KNN_GRID_080",
  "n_samples": 20000,
  "metrics": {
    "n_samples": 20000.0,
    "hit_rate": 0.6674,
    "precision": 0.06674,
    "recall": 0.6674,
    "mrr": 0.4960403968253968,
    "ndcg": 0.5369765186073489,
    "rmse": 0.9749397271458609,
    "mae": 0.8610872988046357
  },
  "time_records": {
    "載入資料": 5.65766167640686,
    "建立映射": 0.44786739349365234,
    "建立稀疏矩陣": 0.12124443054199219,
    "SVD 降維": 21.100133657455444,
    "訓練 KNN": 0.03588509559631348,
    "評估": 105.15721535682678
  },
  "peak_memory_mb": 3317.0,
  "config": {
    "data_limit": null,
    "min_item_ratings": 0,
    "use_timestamp": false,
    "use_item_bias": false,
    "use_svd": true,
    "n_components": 256,
    "use_time_decay": false,
    "half_life_days": 500,
    "use_tfidf": false,
    "k_neighbors": 50,
    "amplification_factor": 1.0,
    "top_n": 10,
    "random_state": 42
  }
}