{
  "name": "SVD_KNN_GRID_075",
  "n_samples": 20000,
  "metrics": {
    "n_samples": 20000.0,
    "hit_rate": 0.6714,
    "precision": 0.06714,
    "recall": 0.6714,
    "mrr": 0.49459168650793656,
    "ndcg": 0.5367526244930754,
    "rmse": 0.9795628077623757,
    "mae": 0.8533075175701716
  },
  "time_records": {
    "載入資料": 5.7521445751190186,
    "建立映射": 0.4507923126220703,
    "建立稀疏矩陣": 0.12108469009399414,
    "SVD 降維": 18.686280488967896,
    "訓練 KNN": 0.03586149215698242,
    "評估": 73.78264284133911
  },
  "peak_memory_mb": 3308.1796875,
  "config": {
    "data_limit": null,
    "min_item_ratings": 0,
    "use_timestamp": false,
    "use_item_bias": false,
    "use_svd": true,
    "n_components": 256,
    "use_time_decay": false,
    "half_life_days": 500,
    "use_tfidf": false,
    "k_neighbors": 25,
    "amplification_factor": 1.0,
    "top_n": 10,
    "random_state": 42
  }
}