{
  "name": "SVD_KNN_EXPAND_042",
  "n_samples": 20000,
  "metrics": {
    "n_samples": 20000.0,
    "hit_rate": 0.31705,
    "precision": 0.031705,
    "recall": 0.31705,
    "mrr": 0.13791089285714284,
    "ndcg": 0.17968136639569263,
    "rmse": 1.1773917086142265,
    "mae": 1.0671560889138294
  },
  "time_records": {
    "載入資料": 5.864430665969849,
    "建立映射": 0.4981865882873535,
    "建立稀疏矩陣": 0.11888265609741211,
    "SVD 降維": 1.0426967144012451,
    "訓練 KNN": 0.02081775665283203,
    "評估": 90.60421299934387
  },
  "peak_memory_mb": 2261.00390625,
  "config": {
    "data_limit": null,
    "min_item_ratings": 0,
    "use_timestamp": false,
    "use_item_bias": false,
    "use_svd": true,
    "n_components": 2,
    "use_time_decay": false,
    "half_life_days": 500,
    "use_tfidf": false,
    "k_neighbors": 65,
    "amplification_factor": 1.0,
    "top_n": 10,
    "random_state": 42
  }
}