{
  "name": "SVD_KNN_GRID_014",
  "n_samples": 20000,
  "metrics": {
    "n_samples": 20000.0,
    "hit_rate": 0.35665,
    "precision": 0.035665,
    "recall": 0.35665,
    "mrr": 0.16801075396825396,
    "ndcg": 0.21221206999272646,
    "rmse": 1.173715044118197,
    "mae": 1.0284904529410348
  },
  "time_records": {
    "載入資料": 5.880890369415283,
    "建立映射": 0.45050621032714844,
    "建立稀疏矩陣": 0.12130069732666016,
    "SVD 降維": 0.9224729537963867,
    "訓練 KNN": 0.022351980209350586,
    "評估": 62.95797538757324
  },
  "peak_memory_mb": 2579.5234375,
  "config": {
    "data_limit": null,
    "min_item_ratings": 0,
    "use_timestamp": false,
    "use_item_bias": false,
    "use_svd": true,
    "n_components": 4,
    "use_time_decay": false,
    "half_life_days": 500,
    "use_tfidf": false,
    "k_neighbors": 20,
    "amplification_factor": 1.0,
    "top_n": 10,
    "random_state": 42
  }
}