{
  "name": "SVD_KNN_GRID_057",
  "n_samples": 20000,
  "metrics": {
    "n_samples": 20000.0,
    "hit_rate": 0.6279,
    "precision": 0.06279,
    "recall": 0.6279,
    "mrr": 0.44961398809523806,
    "ndcg": 0.49211230073001955,
    "rmse": 0.9990099274324915,
    "mae": 0.8753757546372346
  },
  "time_records": {
    "載入資料": 5.852632761001587,
    "建立映射": 0.44633030891418457,
    "建立稀疏矩陣": 0.12198185920715332,
    "SVD 降維": 5.160202980041504,
    "訓練 KNN": 0.03692340850830078,
    "評估": 80.46252250671387
  },
  "peak_memory_mb": 2754.24609375,
  "config": {
    "data_limit": null,
    "min_item_ratings": 0,
    "use_timestamp": false,
    "use_item_bias": false,
    "use_svd": true,
    "n_components": 64,
    "use_time_decay": false,
    "half_life_days": 500,
    "use_tfidf": false,
    "k_neighbors": 35,
    "amplification_factor": 1.0,
    "top_n": 10,
    "random_state": 42
  }
}