{
  "name": "SVD_005",
  "n_samples": 500,
  "metrics": {
    "n_samples": 500.0,
    "hit_rate": 0.652,
    "precision": 0.06520000000000001,
    "recall": 0.652,
    "mrr": 0.4760960317460317,
    "ndcg": 0.5183064719595513,
    "rmse": 0.9823569914988118,
    "mae": 0.8620887869128935
  },
  "time_records": {
    "載入資料": 6.0882391929626465,
    "建立映射": 0.5034425258636475,
    "建立稀疏矩陣": 0.12030410766601562,
    "SVD 降維": 11.139646053314209,
    "訓練 KNN": 0.0373384952545166,
    "評估": 1.7910840511322021
  },
  "peak_memory_mb": 2574.53515625
}