{
  "name": "SVD_KNN_EXPAND_067",
  "n_samples": 20000,
  "metrics": {
    "n_samples": 20000.0,
    "hit_rate": 0.557,
    "precision": 0.055700000000000006,
    "recall": 0.557,
    "mrr": 0.34030019841269843,
    "ndcg": 0.3917760310128454,
    "rmse": 1.0228637382399142,
    "mae": 0.9109901248671016
  },
  "time_records": {
    "載入資料": 5.841355562210083,
    "建立映射": 0.512070894241333,
    "建立稀疏矩陣": 0.11967730522155762,
    "SVD 降維": 2.0639445781707764,
    "訓練 KNN": 0.02111363410949707,
    "評估": 96.70746612548828
  },
  "peak_memory_mb": 2371.12109375,
  "config": {
    "data_limit": null,
    "min_item_ratings": 0,
    "use_timestamp": false,
    "use_item_bias": false,
    "use_svd": true,
    "n_components": 16,
    "use_time_decay": false,
    "half_life_days": 500,
    "use_tfidf": false,
    "k_neighbors": 55,
    "amplification_factor": 1.0,
    "top_n": 10,
    "random_state": 42
  }
}