{
  "name": "SVD_KNN_EXPAND_001",
  "n_samples": 20000,
  "metrics": {
    "n_samples": 20000.0,
    "hit_rate": 0.67745,
    "precision": 0.067745,
    "recall": 0.67745,
    "mrr": 0.49207952380952374,
    "ndcg": 0.5363363241784871,
    "rmse": 0.9599566964066848,
    "mae": 0.8502564256865895
  },
  "time_records": {
    "載入資料": 6.19154691696167,
    "建立映射": 0.5156395435333252,
    "建立稀疏矩陣": 0.12204289436340332,
    "SVD 降維": 90.04584407806396,
    "訓練 KNN": 0.053014278411865234,
    "評估": 114.6610996723175
  },
  "peak_memory_mb": 4056.48828125,
  "config": {
    "data_limit": null,
    "min_item_ratings": 0,
    "use_timestamp": false,
    "use_item_bias": false,
    "use_svd": true,
    "n_components": 1024,
    "use_time_decay": false,
    "half_life_days": 500,
    "use_tfidf": false,
    "k_neighbors": 40,
    "amplification_factor": 1.0,
    "top_n": 10,
    "random_state": 42
  }
}