{
  "name": "SVD_KNN_GRID_094",
  "n_samples": 20000,
  "metrics": {
    "n_samples": 20000.0,
    "hit_rate": 0.67,
    "precision": 0.067,
    "recall": 0.67,
    "mrr": 0.484365257936508,
    "ndcg": 0.5287393320566487,
    "rmse": 0.971626034779215,
    "mae": 0.8467930068957353
  },
  "time_records": {
    "載入資料": 5.899512529373169,
    "建立映射": 0.44406986236572266,
    "建立稀疏矩陣": 0.12255859375,
    "SVD 降維": 90.22902178764343,
    "訓練 KNN": 0.05401110649108887,
    "評估": 96.267662525177
  },
  "peak_memory_mb": 4517.76953125,
  "config": {
    "data_limit": null,
    "min_item_ratings": 0,
    "use_timestamp": false,
    "use_item_bias": false,
    "use_svd": true,
    "n_components": 1024,
    "use_time_decay": false,
    "half_life_days": 500,
    "use_tfidf": false,
    "k_neighbors": 20,
    "amplification_factor": 1.0,
    "top_n": 10,
    "random_state": 42
  }
}