{
  "name": "SVD_KNN_EXPAND_079",
  "n_samples": 20000,
  "metrics": {
    "n_samples": 20000.0,
    "hit_rate": 0.59195,
    "precision": 0.059195,
    "recall": 0.59195,
    "mrr": 0.3962575,
    "ndcg": 0.4428528238154619,
    "rmse": 1.0013665621675705,
    "mae": 0.8917374885664696
  },
  "time_records": {
    "載入資料": 5.8272669315338135,
    "建立映射": 0.5146818161010742,
    "建立稀疏矩陣": 0.11946916580200195,
    "SVD 降維": 3.2495439052581787,
    "評估": 112.4679024219513
  },
  "peak_memory_mb": 2379.375,
  "config": {
    "data_limit": null,
    "min_item_ratings": 0,
    "use_timestamp": false,
    "use_item_bias": false,
    "use_svd": true,
    "n_components": 32,
    "use_time_decay": false,
    "half_life_days": 500,
    "use_tfidf": false,
    "k_neighbors": 70,
    "amplification_factor": 1.0,
    "top_n": 10,
    "random_state": 42
  }
}