{
  "name": "SVD_KNN_GRID_072",
  "n_samples": 20000,
  "metrics": {
    "n_samples": 20000.0,
    "hit_rate": 0.65065,
    "precision": 0.065065,
    "recall": 0.65065,
    "mrr": 0.4717699007936508,
    "ndcg": 0.5145135829301014,
    "rmse": 1.0045570161167727,
    "mae": 0.8524286018979361
  },
  "time_records": {
    "載入資料": 5.842259407043457,
    "建立映射": 0.44650745391845703,
    "建立稀疏矩陣": 0.11806416511535645,
    "SVD 降維": 20.725987195968628,
    "訓練 KNN": 0.035742998123168945,
    "評估": 57.08876872062683
  },
  "peak_memory_mb": 3305.87890625,
  "config": {
    "data_limit": null,
    "min_item_ratings": 0,
    "use_timestamp": false,
    "use_item_bias": false,
    "use_svd": true,
    "n_components": 256,
    "use_time_decay": false,
    "half_life_days": 500,
    "use_tfidf": false,
    "k_neighbors": 10,
    "amplification_factor": 1.0,
    "top_n": 10,
    "random_state": 42
  }
}