{
  "name": "SVD_KNN_GRID_091",
  "n_samples": 20000,
  "metrics": {
    "n_samples": 20000.0,
    "hit_rate": 0.62075,
    "precision": 0.062075000000000005,
    "recall": 0.62075,
    "mrr": 0.417665257936508,
    "ndcg": 0.466095262064676,
    "rmse": 1.041042913159528,
    "mae": 0.8604719496456761
  },
  "time_records": {
    "載入資料": 5.819220066070557,
    "建立映射": 0.44689059257507324,
    "建立稀疏矩陣": 0.12456703186035156,
    "SVD 降維": 92.09906196594238,
    "訓練 KNN": 0.05408048629760742,
    "評估": 78.46337413787842
  },
  "peak_memory_mb": 4531.60546875,
  "config": {
    "data_limit": null,
    "min_item_ratings": 0,
    "use_timestamp": false,
    "use_item_bias": false,
    "use_svd": true,
    "n_components": 1024,
    "use_time_decay": false,
    "half_life_days": 500,
    "use_tfidf": false,
    "k_neighbors": 5,
    "amplification_factor": 1.0,
    "top_n": 10,
    "random_state": 42
  }
}