{
  "name": "SVD_KNN_GRID_045",
  "n_samples": 20000,
  "metrics": {
    "n_samples": 20000.0,
    "hit_rate": 0.5933,
    "precision": 0.05933000000000001,
    "recall": 0.5933,
    "mrr": 0.39707023809523806,
    "ndcg": 0.44381280993361216,
    "rmse": 1.0169838090874053,
    "mae": 0.8869749610374001
  },
  "time_records": {
    "載入資料": 5.695782661437988,
    "建立映射": 0.4461398124694824,
    "建立稀疏矩陣": 0.1203162670135498,
    "SVD 降維": 3.192533254623413,
    "評估": 69.29225492477417
  },
  "peak_memory_mb": 2663.90625,
  "config": {
    "data_limit": null,
    "min_item_ratings": 0,
    "use_timestamp": false,
    "use_item_bias": false,
    "use_svd": true,
    "n_components": 32,
    "use_time_decay": false,
    "half_life_days": 500,
    "use_tfidf": false,
    "k_neighbors": 25,
    "amplification_factor": 1.0,
    "top_n": 10,
    "random_state": 42
  }
}