{
  "name": "實驗11",
  "n_samples": 500,
  "metrics": {
    "n_samples": 500.0,
    "hit_rate": 0.638,
    "precision": 0.0638,
    "recall": 0.638,
    "mrr": 0.4546722222222222,
    "ndcg": 0.49858514745003946,
    "rmse": 1.0223344569364945,
    "mae": 0.878408318486915
  },
  "time_records": {
    "載入資料": 6.224503040313721,
    "建立映射": 0.5014479160308838,
    "建立稀疏矩陣": 0.12031006813049316,
    "SVD 降維": 10.690590381622314,
    "訓練 KNN": 0.03816366195678711,
    "評估": 1.4382317066192627
  },
  "peak_memory_mb": 2638.24609375
}