{
  "name": "實驗1",
  "n_samples": 500,
  "metrics": {
    "n_samples": 500.0,
    "hit_rate": 0.558,
    "precision": 0.0558,
    "recall": 0.558,
    "mrr": 0.3636388888888889,
    "ndcg": 0.4099559169375665,
    "rmse": 1.0514236084310014,
    "mae": 0.9252764428418406
  },
  "time_records": {
    "載入資料": 6.002833366394043,
    "建立映射": 0.06885242462158203,
    "建立稀疏矩陣": 0.05861520767211914,
    "訓練 KNN": 1.0028738975524902,
    "評估": 0.6587991714477539
  },
  "peak_memory_mb": 1558.6484375
}