{
  "name": "實驗17",
  "n_samples": 500,
  "metrics": {
    "n_samples": 500.0,
    "hit_rate": 0.662,
    "precision": 0.06620000000000001,
    "recall": 0.662,
    "mrr": 0.4728388888888889,
    "ndcg": 0.5177819119329888,
    "rmse": 0.9832798862634046,
    "mae": 0.8854328566837871
  },
  "time_records": {
    "載入資料": 6.241071462631226,
    "建立映射": 0.5103890895843506,
    "建立稀疏矩陣": 0.12370538711547852,
    "SVD 降維": 10.642028331756592,
    "訓練 KNN": 0.03306460380554199,
    "評估": 3.8927247524261475
  },
  "peak_memory_mb": 2645.6328125
}