{
  "name": "實驗19",
  "n_samples": 500,
  "metrics": {
    "n_samples": 500.0,
    "hit_rate": 0.668,
    "precision": 0.0668,
    "recall": 0.668,
    "mrr": 0.4840587301587301,
    "ndcg": 0.5279889949514399,
    "rmse": 0.9753220273021832,
    "mae": 0.8627107189824694
  },
  "time_records": {
    "載入資料": 6.057314395904541,
    "建立映射": 0.5058915615081787,
    "計算 Item Bias": 0.17377352714538574,
    "建立稀疏矩陣": 0.1201472282409668,
    "SVD 降維": 10.97290849685669,
    "訓練 KNN": 0.03269314765930176,
    "評估": 2.6471567153930664
  },
  "peak_memory_mb": 2641.875
}