{
  "name": "實驗18",
  "n_samples": 500,
  "metrics": {
    "n_samples": 500.0,
    "hit_rate": 0.668,
    "precision": 0.0668,
    "recall": 0.668,
    "mrr": 0.4840587301587301,
    "ndcg": 0.5279889949514399,
    "rmse": 0.9745133858732081,
    "mae": 0.8650059814706261
  },
  "time_records": {
    "載入資料": 6.130440711975098,
    "建立映射": 0.5051288604736328,
    "建立稀疏矩陣": 0.11804318428039551,
    "SVD 降維": 10.519954442977905,
    "訓練 KNN": 0.03700113296508789,
    "評估": 2.593430995941162
  },
  "peak_memory_mb": 2612.3359375
}