{
  "name": "實驗15",
  "n_samples": 500,
  "metrics": {
    "n_samples": 500.0,
    "hit_rate": 0.668,
    "precision": 0.0668,
    "recall": 0.668,
    "mrr": 0.4840587301587301,
    "ndcg": 0.5279889949514399,
    "rmse": 0.9745133858732081,
    "mae": 0.8650059814706261
  },
  "time_records": {
    "載入資料": 5.98493504524231,
    "建立映射": 0.5050938129425049,
    "建立稀疏矩陣": 0.1186370849609375,
    "SVD 降維": 11.918175458908081,
    "訓練 KNN": 0.03339052200317383,
    "評估": 2.5453288555145264
  },
  "peak_memory_mb": 2585.55078125
}