{
  "name": "實驗7",
  "n_samples": 500,
  "metrics": {
    "n_samples": 500.0,
    "hit_rate": 0.648,
    "precision": 0.0648,
    "recall": 0.648,
    "mrr": 0.46172301587301584,
    "ndcg": 0.5062059124342148,
    "rmse": 0.9967549714470677,
    "mae": 0.8647136385562308
  },
  "time_records": {
    "載入資料": 6.218541145324707,
    "建立映射": 0.5065150260925293,
    "建立稀疏矩陣": 0.11865663528442383,
    "SVD 降維": 9.488579273223877,
    "訓練 KNN": 0.03373217582702637,
    "評估": 1.7025988101959229
  },
  "peak_memory_mb": 2436.75
}