{
  "name": "實驗10",
  "n_samples": 500,
  "metrics": {
    "n_samples": 500.0,
    "hit_rate": 0.688,
    "precision": 0.0688,
    "recall": 0.688,
    "mrr": 0.493697619047619,
    "ndcg": 0.5398845385246288,
    "rmse": 0.957231993285347,
    "mae": 0.8442670726355196
  },
  "time_records": {
    "載入資料": 6.25601863861084,
    "建立映射": 0.5112340450286865,
    "建立稀疏矩陣": 0.12194132804870605,
    "SVD 降維": 15.052367210388184,
    "訓練 KNN": 0.03452706336975098,
    "評估": 1.869685173034668
  },
  "peak_memory_mb": 2853.765625
}