{
  "name": "實驗21",
  "n_samples": 500,
  "metrics": {
    "n_samples": 500.0,
    "hit_rate": 0.616,
    "precision": 0.0616,
    "recall": 0.616,
    "mrr": 0.42975634920634925,
    "ndcg": 0.47398016087677697,
    "rmse": 1.031231876502979,
    "mae": 0.9098301464930539
  },
  "time_records": {
    "載入資料": 21.122180938720703,
    "建立映射": 0.5173509120941162,
    "建立稀疏矩陣": 0.5984187126159668,
    "SVD 降維": 10.498885154724121,
    "訓練 KNN": 0.0337529182434082,
    "評估": 2.666476011276245
  },
  "peak_memory_mb": 4799.61328125
}