{
  "name": "實驗20",
  "n_samples": 500,
  "metrics": {
    "n_samples": 500.0,
    "hit_rate": 0.668,
    "precision": 0.0668,
    "recall": 0.668,
    "mrr": 0.4840587301587301,
    "ndcg": 0.5279889949514399,
    "rmse": 0.9753220273021832,
    "mae": 0.8627107189824694
  },
  "time_records": {
    "載入資料": 6.195886850357056,
    "建立映射": 0.5023062229156494,
    "計算 Item Bias": 0.17318391799926758,
    "建立稀疏矩陣": 0.1191263198852539,
    "SVD 降維": 10.581802368164062,
    "訓練 KNN": 0.03781867027282715,
    "評估": 2.377032518386841
  },
  "peak_memory_mb": 2582.03125
}