{
  "name": "實驗13",
  "n_samples": 500,
  "metrics": {
    "n_samples": 500.0,
    "hit_rate": 0.666,
    "precision": 0.0666,
    "recall": 0.666,
    "mrr": 0.48553650793650793,
    "ndcg": 0.5287953351697134,
    "rmse": 0.9708314922442599,
    "mae": 0.8596321947944239
  },
  "time_records": {
    "載入資料": 6.086164951324463,
    "建立映射": 0.5014998912811279,
    "建立稀疏矩陣": 0.11945104598999023,
    "SVD 降維": 12.738951683044434,
    "訓練 KNN": 0.03741645812988281,
    "評估": 2.1558496952056885
  },
  "peak_memory_mb": 2580.30859375
}