{
  "name": "實驗9",
  "n_samples": 500,
  "metrics": {
    "n_samples": 500.0,
    "hit_rate": 0.662,
    "precision": 0.06620000000000001,
    "recall": 0.662,
    "mrr": 0.48397222222222225,
    "ndcg": 0.5267192242538737,
    "rmse": 0.9773560226844225,
    "mae": 0.8524277348246487
  },
  "time_records": {
    "載入資料": 6.063405752182007,
    "建立映射": 0.5075998306274414,
    "建立稀疏矩陣": 0.11967897415161133,
    "SVD 降維": 13.578611850738525,
    "訓練 KNN": 0.033937931060791016,
    "評估": 1.6989386081695557
  },
  "peak_memory_mb": 2678.06640625
}