{
  "name": "實驗4",
  "n_samples": 500,
  "metrics": {
    "n_samples": 500.0,
    "hit_rate": 0.68,
    "precision": 0.068,
    "recall": 0.68,
    "mrr": 0.4677515873015873,
    "ndcg": 0.5182802544479662,
    "rmse": 0.989315908437944,
    "mae": 0.8664367881162247
  },
  "time_records": {
    "載入資料": 6.543338298797607,
    "建立映射": 0.5029973983764648,
    "建立稀疏矩陣": 0.12049579620361328,
    "訓練 KNN": 0.057420969009399414,
    "評估": 2.110490083694458
  },
  "peak_memory_mb": 2753.26171875
}