{
  "name": "實驗22",
  "n_samples": 500,
  "metrics": {
    "n_samples": 500.0,
    "hit_rate": 0.53,
    "precision": 0.053000000000000005,
    "recall": 0.53,
    "mrr": 0.2884571428571429,
    "ndcg": 0.3454033165601487,
    "rmse": 1.0093715548818247,
    "mae": 0.9080278718552807
  },
  "time_records": {
    "載入資料": 6.213316202163696,
    "建立映射": 0.5031135082244873,
    "建立稀疏矩陣": 0.7927432060241699,
    "SVD 降維": 10.64086651802063,
    "訓練 KNN": 0.03782391548156738,
    "評估": 2.5701334476470947
  },
  "peak_memory_mb": 4870.078125
}