{
  "name": "實驗8",
  "n_samples": 500,
  "metrics": {
    "n_samples": 500.0,
    "hit_rate": 0.652,
    "precision": 0.06520000000000001,
    "recall": 0.652,
    "mrr": 0.4760960317460317,
    "ndcg": 0.5183064719595513,
    "rmse": 0.9823569914988118,
    "mae": 0.8620887869128935
  },
  "time_records": {
    "載入資料": 6.176053524017334,
    "建立映射": 0.5036039352416992,
    "建立稀疏矩陣": 0.11933302879333496,
    "SVD 降維": 10.97022008895874,
    "訓練 KNN": 0.03620147705078125,
    "評估": 1.7658915519714355
  },
  "peak_memory_mb": 2645.13671875
}