{
  "name": "實驗12",
  "n_samples": 500,
  "metrics": {
    "n_samples": 500.0,
    "hit_rate": 0.652,
    "precision": 0.06520000000000001,
    "recall": 0.652,
    "mrr": 0.4760960317460317,
    "ndcg": 0.5183064719595513,
    "rmse": 0.9823569914988118,
    "mae": 0.8620887869128935
  },
  "time_records": {
    "載入資料": 6.06520414352417,
    "建立映射": 0.5133118629455566,
    "建立稀疏矩陣": 0.12084364891052246,
    "SVD 降維": 11.636411905288696,
    "訓練 KNN": 0.03634929656982422,
    "評估": 1.7924442291259766
  },
  "peak_memory_mb": 2606.98828125
}