{
  "name": "實驗16",
  "n_samples": 500,
  "metrics": {
    "n_samples": 500.0,
    "hit_rate": 0.652,
    "precision": 0.06520000000000001,
    "recall": 0.652,
    "mrr": 0.4778920634920635,
    "ndcg": 0.5198144216425472,
    "rmse": 0.9687191743709156,
    "mae": 0.868448412972203
  },
  "time_records": {
    "載入資料": 6.206634521484375,
    "建立映射": 0.5066225528717041,
    "建立稀疏矩陣": 0.11886835098266602,
    "SVD 降維": 10.820318222045898,
    "訓練 KNN": 0.03367447853088379,
    "評估": 3.0450689792633057
  },
  "peak_memory_mb": 2556.5390625
}