{
  "name": "實驗6",
  "n_samples": 500,
  "metrics": {
    "n_samples": 500.0,
    "hit_rate": 0.614,
    "precision": 0.061399999999999996,
    "recall": 0.614,
    "mrr": 0.4164785714285714,
    "ndcg": 0.4640172480777457,
    "rmse": 1.047339548107445,
    "mae": 0.9105617588941016
  },
  "time_records": {
    "載入資料": 6.184674978256226,
    "建立映射": 0.49665188789367676,
    "建立稀疏矩陣": 0.11780691146850586,
    "SVD 降維": 5.101809978485107,
    "訓練 KNN": 0.03272724151611328,
    "評估": 1.8776614665985107
  },
  "peak_memory_mb": 2322.671875
}