{
  "name": "實驗5",
  "n_samples": 500,
  "metrics": {
    "n_samples": 500.0,
    "hit_rate": 0.57,
    "precision": 0.056999999999999995,
    "recall": 0.57,
    "mrr": 0.3597055555555555,
    "ndcg": 0.4096170045445005,
    "rmse": 1.0397906861760846,
    "mae": 0.9174079575141323
  },
  "time_records": {
    "載入資料": 6.2766029834747314,
    "建立映射": 0.5046336650848389,
    "建立稀疏矩陣": 0.12215042114257812,
    "SVD 降維": 2.707580804824829,
    "訓練 KNN": 0.026372909545898438,
    "評估": 1.7609705924987793
  },
  "peak_memory_mb": 2326.52734375
}