{
  "name": "實驗3",
  "n_samples": 500,
  "metrics": {
    "n_samples": 500.0,
    "hit_rate": 0.668,
    "precision": 0.0668,
    "recall": 0.668,
    "mrr": 0.46474126984126984,
    "ndcg": 0.5131865130975316,
    "rmse": 1.0055092840750965,
    "mae": 0.8672007781923698
  },
  "time_records": {
    "載入資料": 6.256976842880249,
    "建立映射": 0.28951430320739746,
    "建立稀疏矩陣": 0.08523130416870117,
    "訓練 KNN": 0.04080653190612793,
    "評估": 1.3398864269256592
  },
  "peak_memory_mb": 1740.26953125
}