{
  "name": "實驗2",
  "n_samples": 500,
  "metrics": {
    "n_samples": 500.0,
    "hit_rate": 0.684,
    "precision": 0.0684,
    "recall": 0.684,
    "mrr": 0.47016904761904765,
    "ndcg": 0.5215197577233801,
    "rmse": 0.9416635036109087,
    "mae": 0.8234702800224565
  },
  "time_records": {
    "載入資料": 6.021193027496338,
    "建立映射": 0.16900277137756348,
    "建立稀疏矩陣": 0.06865620613098145,
    "訓練 KNN": 0.029920101165771484,
    "評估": 1.0514743328094482
  },
  "peak_memory_mb": 1197.85546875
}