{
  "name": "實驗14",
  "n_samples": 500,
  "metrics": {
    "n_samples": 500.0,
    "hit_rate": 0.676,
    "precision": 0.06760000000000001,
    "recall": 0.676,
    "mrr": 0.48448888888888886,
    "ndcg": 0.5302192963245245,
    "rmse": 0.9730391490020232,
    "mae": 0.8625704019245155
  },
  "time_records": {
    "載入資料": 6.162167310714722,
    "建立映射": 0.5070338249206543,
    "建立稀疏矩陣": 0.12455320358276367,
    "SVD 降維": 11.068259716033936,
    "訓練 KNN": 0.03667402267456055,
    "評估": 2.4059689044952393
  },
  "peak_memory_mb": 2607.00390625
}