{
  "sample_size": 100000,
  "rating_distribution": {
    "distribution": {},
    "mean": 3.507605,
    "median": 3.5,
    "std": 1.062928013618336,
    "min": 0.5,
    "max": 5.0,
    "total_ratings": 100000
  },
  "user_activity": {
    "total_users": 702,
    "mean_ratings_per_user": 142.45014245014244,
    "median_ratings_per_user": 70.0,
    "std_ratings_per_user": 208.47116802052682,
    "max_ratings": 2179,
    "min_ratings": 20,
    "long_tail": {
      "top_20_percent_users": 140,
      "top_20_percent_ratings": 62298,
      "top_20_percent_ratio": 0.62298
    },
    "quantiles": {
      "25%": 35,
      "50%": 70,
      "75%": 158,
      "90%": 324,
      "95%": 510,
      "99%": 1109
    }
  },
  "item_popularity": {
    "total_items": 8227,
    "mean_ratings_per_item": 12.155099064057373,
    "median_ratings_per_item": 3.0,
    "std_ratings_per_item": 25.870481263902875,
    "max_ratings": 350,
    "min_ratings": 1,
    "cold_start": {
      "items_with_1_rating": 2449,
      "items_with_le_5_ratings": 5156,
      "items_with_le_10_ratings": 6189,
      "cold_start_ratio_5": 0.6267169077427981,
      "cold_start_ratio_10": 0.7522790810745108
    },
    "quantiles": {
      "25%": 1,
      "50%": 3,
      "75%": 10,
      "90%": 30,
      "95%": 55,
      "99%": 132
    }
  },
  "sparsity": {
    "n_users": 702,
    "n_items": 8227,
    "n_ratings": 100000,
    "total_possible_ratings": 5775354,
    "sparsity": 0.9826850440682944,
    "density": 0.017314955931705657,
    "sparsity_percentage": 98.26850440682944,
    "density_percentage": 1.7314955931705658
  }
}